date,open,high,low,close,volume
2021-01-29 05:00:00,276.6668,280.8033,260.0333,264.51,104969412.0
2021-02-01 05:00:00,271.43,280.6667,265.1867,279.9367,76137696.0
2021-02-02 05:00:00,281.56,293.5,280.7335,290.93,73038639.0
2021-02-03 05:00:00,292.34,292.6933,284.3549,284.8967,54931530.0
2021-02-04 05:00:00,285.0,285.5,277.8067,283.33,47437983.0
2021-02-05 05:00:00,281.6667,288.2567,279.6567,284.0767,55699797.0
2021-02-08 05:00:00,289.89,292.59,284.9167,287.8067,60484350.0
2021-02-09 05:00:00,285.04,286.6,280.5833,283.1533,45453543.0
2021-02-10 05:00:00,281.2117,281.6067,266.6733,268.2733,108645195.0
2021-02-11 05:00:00,270.8133,276.6266,267.2417,270.5533,64868259.0
2021-02-12 05:00:00,267.0867,272.4433,261.7769,272.04,70779939.0
2021-02-16 05:00:00,272.6667,273.6667,264.1467,265.4067,59406612.0
2021-02-17 05:00:00,259.6967,266.6133,254.0033,266.05,78176661.0
2021-02-18 05:00:00,260.3,264.8967,258.7567,262.46,53861094.0
2021-02-19 05:00:00,265.0,265.5966,259.1233,260.4333,56874765.0
2021-02-22 05:00:00,254.2133,256.1667,236.7333,238.1667,111790428.0
2021-02-23 05:00:00,220.71,237.87,206.3333,232.9467,199814007.0
2021-02-24 05:00:00,237.2833,248.3333,231.39,247.34,110135100.0
2021-02-25 05:00:00,242.05,245.7355,223.5267,227.4067,117071565.0
2021-02-26 05:00:00,233.3333,235.5667,219.8367,225.1667,123267519.0
2021-03-01 05:00:00,230.0367,290.6667,228.35,239.4767,81408606.0
2021-03-02 05:00:00,239.4267,240.37,228.3333,228.8133,71196474.0
2021-03-03 05:00:00,229.33,233.5667,217.235,217.7333,90548880.0
2021-03-04 05:00:00,218.6,291.3133,200.0,207.1467,197758590.0
2021-03-05 05:00:00,208.6867,209.2806,179.83,199.3167,268137297.0
2021-03-08 05:00:00,200.1833,206.7083,186.2633,187.6667,155360874.0
2021-03-09 05:00:00,202.7267,226.03,198.4033,224.5267,202569984.0
2021-03-10 05:00:00,233.4333,239.2833,218.3533,222.6867,181815615.0
2021-03-11 05:00:00,233.1333,234.1667,225.7267,233.2,108761676.0
2021-03-12 05:00:00,223.3333,231.6267,222.0465,231.2433,100751520.0
2021-03-15 04:00:00,231.3633,237.7267,228.0133,235.98,88269744.0
2021-03-16 04:00:00,234.45,235.9733,223.6667,225.6267,96587016.0
2021-03-17 04:00:00,218.9567,234.5767,217.0033,233.9367,121117359.0
2021-03-18 04:00:00,228.0967,229.7433,217.3333,217.72,100107066.0
2021-03-19 04:00:00,215.5333,219.0767,208.2067,218.29,128624754.0
2021-03-22 04:00:00,228.1967,233.2067,222.9167,223.3333,118536663.0
2021-03-23 04:00:00,225.2567,225.9333,219.17,220.72,91475610.0
2021-03-24 04:00:00,222.6367,222.6733,210.0367,210.09,101355102.0
2021-03-25 04:00:00,204.3333,215.1667,203.1667,213.4633,117666018.0
2021-03-26 04:00:00,213.9567,214.6067,199.9633,206.2367,101505216.0
2021-03-29 04:00:00,205.2133,205.4933,198.6733,203.7633,85907835.0
2021-03-30 04:00:00,200.5833,212.5533,197.0033,211.8733,118297077.0
2021-03-31 04:00:00,215.54,224.0,213.7033,222.6433,99997239.0
2021-04-01 04:00:00,229.4567,230.8068,219.8067,220.5833,105895134.0
2021-04-05 04:00:00,235.9033,236.0533,228.2333,230.35,125443290.0
2021-04-06 04:00:00,230.1,232.1833,227.1233,230.54,84815367.0
2021-04-07 04:00:00,229.0,230.46,222.6133,223.6567,78927816.0
2021-04-08 04:00:00,225.7933,229.85,223.8817,227.9333,71472537.0
2021-04-09 04:00:00,225.9233,226.99,223.1433,225.6733,64311261.0
2021-04-12 04:00:00,228.5667,234.9333,227.3633,233.9933,87402510.0
2021-04-13 04:00:00,237.5667,254.3333,236.8867,254.1067,133695849.0
2021-04-14 04:00:00,256.9,260.2633,242.6767,244.0767,147039441.0
2021-04-15 04:00:00,247.7,247.8967,240.4367,246.2833,83546550.0
2021-04-16 04:00:00,242.8833,249.8033,241.5333,246.5933,83938044.0
2021-04-19 04:00:00,239.8667,241.8,230.6,238.21,118960536.0
2021-04-20 04:00:00,239.14,245.75,236.895,239.6633,106767639.0
2021-04-21 04:00:00,234.9233,248.28,232.6667,248.04,93646542.0
2021-04-22 04:00:00,247.1667,251.2567,239.3467,239.8967,106770765.0
2021-04-23 04:00:00,239.9333,245.7867,238.4867,243.1333,84641139.0
2021-04-26 04:00:00,247.0,249.7667,244.2018,246.0667,93114885.0
2021-04-27 04:00:00,239.32,241.3333,234.45,234.9133,88310985.0
2021-04-28 04:00:00,232.1367,236.1667,231.2,231.4667,66663141.0
2021-04-29 04:00:00,233.17,234.0833,222.8334,225.6667,86536347.0
2021-04-30 04:00:00,222.53,238.49,222.0467,236.48,122276166.0
2021-05-03 04:00:00,234.6,235.3333,226.8333,228.3,81129429.0
2021-05-04 04:00:00,226.3133,227.8155,219.2337,224.5333,89200557.0
2021-05-05 04:00:00,227.02,228.4318,222.4467,223.6467,65705682.0
2021-05-06 04:00:00,226.92,227.0067,216.6667,221.18,83326827.0
2021-05-07 04:00:00,221.9333,230.0,220.0733,224.1233,70407516.0
2021-05-10 04:00:00,221.6333,221.6833,209.2034,209.68,94176972.0
2021-05-11 04:00:00,199.7467,209.0333,198.5333,205.7333,139511688.0
2021-05-12 04:00:00,200.83,206.8033,195.5883,196.63,101451138.0
2021-05-13 04:00:00,200.515,202.1533,186.55,190.5633,132554748.0
2021-05-14 04:00:00,194.47,197.6233,190.1533,196.58,100101168.0
2021-05-17 04:00:00,191.851,196.5767,187.0667,192.2767,97166490.0
2021-05-18 04:00:00,189.3333,198.75,187.7933,192.6233,110488101.0
2021-05-19 04:00:00,184.1833,188.7367,182.3267,187.82,118240185.0
2021-05-20 04:00:00,191.6667,196.2833,190.3567,195.5933,92298357.0
2021-05-21 04:00:00,198.7033,198.8933,193.3333,193.6267,78091785.0
2021-05-24 04:00:00,193.8667,204.8267,191.2167,202.1467,103674267.0
2021-05-25 04:00:00,202.4367,204.6633,198.57,201.5633,83991249.0
2021-05-26 04:00:00,202.52,208.7233,200.5,206.3767,85911915.0
2021-05-27 04:00:00,206.7467,210.3767,205.4033,210.2833,79111779.0
2021-05-28 04:00:00,209.5,211.8633,207.46,208.4067,68061054.0
2021-06-01 04:00:00,209.2667,211.2667,206.85,207.9667,53647170.0
2021-06-02 04:00:00,206.71,207.7867,199.7133,201.7067,69608337.0
2021-06-03 04:00:00,200.6,201.5167,190.4067,190.9467,90303444.0
2021-06-04 04:00:00,193.2367,200.2033,192.4,199.6833,71810688.0
2021-06-07 04:00:00,197.275,203.3333,194.2933,201.71,67630437.0
2021-06-08 04:00:00,207.67,207.6967,198.5,201.1967,78160167.0
2021-06-09 04:00:00,200.7233,203.93,199.21,199.5933,49753698.0
2021-06-10 04:00:00,201.2933,205.53,200.1667,203.3733,71758818.0
2021-06-11 04:00:00,203.41,204.1867,200.5067,203.2967,48563409.0
2021-06-14 04:00:00,204.0767,208.4967,203.06,205.8967,61149450.0
2021-06-15 04:00:00,205.5633,205.5967,199.41,199.7867,53292435.0
2021-06-16 04:00:00,199.1783,202.8333,197.8333,201.6233,65562381.0
2021-06-17 04:00:00,200.6293,207.1567,200.4467,205.5333,67879050.0
2021-06-18 04:00:00,204.4567,209.45,203.9333,207.77,73666815.0
2021-06-21 04:00:00,208.16,210.4633,202.96,206.9433,74438223.0
2021-06-22 04:00:00,206.0833,209.5231,205.1667,207.9033,57468126.0
2021-06-23 04:00:00,210.6667,219.068,210.0133,218.8567,93297684.0
2021-06-24 04:00:00,224.9967,232.54,222.5367,226.6067,137947158.0
2021-06-25 04:00:00,229.86,231.27,222.9,223.9567,97490121.0
2021-06-28 04:00:00,223.88,231.5666,223.44,229.5733,64864227.0
2021-06-29 04:00:00,228.2167,229.17,225.2967,226.92,52143939.0
2021-06-30 04:00:00,226.59,230.9367,226.0467,226.5667,56743986.0
2021-07-01 04:00:00,227.9733,229.33,224.2667,225.9733,55850466.0
2021-07-02 04:00:00,226.3267,233.3333,224.42,226.3,81292122.0
2021-07-06 04:00:00,227.2372,228.0,217.1334,219.86,69651750.0
2021-07-07 04:00:00,221.4233,221.9,212.7733,214.8833,56359380.0
2021-07-08 04:00:00,209.4567,218.1433,206.82,217.6033,68222448.0
2021-07-09 04:00:00,217.7283,219.6367,214.8967,218.9833,53789244.0
2021-07-12 04:00:00,220.7333,229.08,220.7203,228.5667,77697126.0
2021-07-13 04:00:00,228.7733,231.0933,222.0986,222.8467,62784276.0
2021-07-14 04:00:00,223.5833,226.2033,217.6133,217.7933,64923570.0
2021-07-15 04:00:00,219.4633,222.0467,212.6267,216.8667,60620313.0
2021-07-16 04:00:00,218.2267,218.9,214.0667,214.74,48752910.0
2021-07-19 04:00:00,209.9633,215.7333,207.0967,215.4067,63516270.0
2021-07-20 04:00:00,217.33,220.7972,213.5003,220.1667,46364781.0
2021-07-21 04:00:00,219.87,221.62,216.7634,218.43,41560014.0
2021-07-22 04:00:00,218.8143,220.7233,214.8667,216.42,45317181.0
2021-07-23 04:00:00,215.4533,216.2667,212.4334,214.46,43783932.0
2021-07-26 04:00:00,216.99,222.7333,215.7033,219.2067,75977118.0
2021-07-27 04:00:00,221.1333,222.1667,209.08,214.9267,98437011.0
2021-07-28 04:00:00,215.665,218.3233,213.1334,215.66,47524788.0
2021-07-29 04:00:00,216.5967,227.8967,216.2667,225.7833,90883911.0
2021-07-30 04:00:00,223.9193,232.51,223.0,229.0667,88903233.0
2021-08-02 04:00:00,233.3333,242.3133,232.8,236.5567,100772745.0
2021-08-03 04:00:00,239.6667,240.8833,233.67,236.58,64860759.0
2021-08-04 04:00:00,237.0,241.6333,236.31,236.9733,51007941.0
2021-08-05 04:00:00,238.6667,240.3166,237.1367,238.21,38758911.0
2021-08-06 04:00:00,237.3,238.7767,232.5433,233.0333,46869147.0
2021-08-09 04:00:00,236.7233,239.6767,235.0433,237.92,44146047.0
2021-08-10 04:00:00,237.9967,238.8633,233.96,236.6633,40296915.0
2021-08-11 04:00:00,237.57,238.3933,234.7367,235.94,29401674.0
2021-08-12 04:00:00,235.4467,240.9333,233.1333,240.75,53045058.0
2021-08-13 04:00:00,241.2367,243.3,238.1133,239.0567,50178801.0
2021-08-16 04:00:00,235.0233,236.5,225.4667,228.7233,69286359.0
2021-08-17 04:00:00,224.22,224.86,216.28,221.9033,71120637.0
2021-08-18 04:00:00,223.2493,231.9233,223.1167,229.6633,61035525.0
2021-08-19 04:00:00,226.07,228.85,222.53,224.49,42940458.0
2021-08-20 04:00:00,227.6167,230.71,224.5667,226.7533,43925595.0
2021-08-23 04:00:00,228.4807,237.3766,226.9168,235.4333,60720777.0
2021-08-24 04:00:00,236.8933,238.4067,234.2133,236.1633,39220863.0
2021-08-25 04:00:00,235.6767,238.99,234.6667,237.0667,37936686.0
2021-08-26 04:00:00,236.1033,238.4667,232.54,233.72,39642876.0
2021-08-27 04:00:00,235.0,238.3333,234.0334,237.3067,41501289.0
2021-08-30 04:00:00,238.2383,243.6667,237.5767,243.6367,55752660.0
2021-08-31 04:00:00,244.3333,246.7967,242.1467,245.24,62533908.0
2021-09-01 04:00:00,244.6933,247.33,243.7567,244.6967,39613005.0
2021-09-02 04:00:00,244.8333,246.99,243.5133,244.13,38390217.0
2021-09-03 04:00:00,244.0831,244.6667,241.4,244.5233,45813135.0
2021-09-07 04:00:00,246.6667,253.4,246.42,250.9733,61112865.0
2021-09-08 04:00:00,253.86,254.8167,246.9244,251.29,56379108.0
2021-09-09 04:00:00,251.1367,254.0333,250.5434,251.62,42224193.0
2021-09-10 04:00:00,253.2,254.2033,244.84,245.4233,45547110.0
2021-09-13 04:00:00,246.7381,248.26,236.2833,247.6667,69914181.0
2021-09-14 04:00:00,247.5233,251.49,245.4667,248.1633,56548992.0
2021-09-15 04:00:00,248.3333,252.2867,246.12,251.9433,46763832.0
2021-09-16 04:00:00,250.9433,252.97,249.2033,252.33,41770179.0
2021-09-17 04:00:00,252.3833,253.68,250.0,253.1633,84552528.0
2021-09-20 04:00:00,244.8526,247.3333,239.5416,243.39,73503156.0
2021-09-21 04:00:00,244.93,248.2466,243.48,246.46,48359769.0
2021-09-22 04:00:00,247.8421,251.2233,246.3733,250.6467,45378816.0
2021-09-23 04:00:00,251.6667,252.7333,249.3067,251.2133,35692581.0
2021-09-24 04:00:00,248.63,258.2667,248.1867,258.13,63294066.0
2021-09-27 04:00:00,257.7067,266.3333,256.4367,263.7867,84196821.0
2021-09-28 04:00:00,262.4,265.2133,255.3934,259.1867,76100166.0
2021-09-29 04:00:00,259.9333,264.5,256.8933,260.4367,62815731.0
2021-09-30 04:00:00,260.3333,263.0435,258.3333,258.4933,54639987.0
2021-10-01 04:00:00,259.4667,260.26,254.53,258.4067,51094242.0
2021-10-04 04:00:00,265.5,268.99,258.7067,260.51,91450023.0
2021-10-05 04:00:00,261.5987,265.77,258.0667,260.1967,55297875.0
2021-10-06 04:00:00,258.7333,262.22,257.74,260.9167,43898304.0
2021-10-07 04:00:00,261.82,268.3333,261.1267,264.5367,57587346.0
2021-10-08 04:00:00,265.4033,265.46,260.3033,261.83,51232590.0
2021-10-11 04:00:00,262.55,267.08,261.8333,263.98,42563466.0
2021-10-12 04:00:00,266.9767,270.7733,265.5233,268.5733,66058860.0
2021-10-13 04:00:00,270.1567,271.8033,268.5933,270.36,42360225.0
2021-10-14 04:00:00,271.83,273.4167,271.1167,272.7733,35894160.0
2021-10-15 04:00:00,274.5795,281.07,274.1167,281.01,56773701.0
2021-10-18 04:00:00,283.93,291.7533,283.8233,290.0367,72621732.0
2021-10-19 04:00:00,292.51,292.65,287.5033,288.09,52130634.0
2021-10-20 04:00:00,288.45,289.83,285.7933,288.6,42096156.0
2021-10-21 04:00:00,285.3333,300.0,285.1682,298.0,94444362.0
2021-10-22 04:00:00,298.5,303.3333,296.9867,303.2267,68642505.0
2021-10-25 04:00:00,316.8433,348.34,314.7333,341.62,188556294.0
2021-10-26 04:00:00,341.5633,364.98,333.8133,339.4767,187211904.0
2021-10-27 04:00:00,346.5533,356.96,343.5933,345.9533,115418847.0
2021-10-28 04:00:00,356.1017,360.3333,351.4,359.0133,81639519.0
2021-10-29 04:00:00,360.62,371.7367,357.735,371.3333,89736651.0
2021-11-01 04:00:00,381.6667,403.25,372.8867,402.8633,168128235.0
2021-11-02 04:00:00,386.4517,402.8633,382.0,390.6667,128135646.0
2021-11-03 04:00:00,392.4433,405.13,384.2067,404.62,103877037.0
2021-11-04 04:00:00,411.47,414.4967,405.6667,409.97,76027230.0
2021-11-05 04:00:00,409.3333,413.29,402.6667,407.3633,64496736.0
2021-11-08 05:00:00,383.2617,399.0,377.6667,387.6467,100029345.0
2021-11-09 05:00:00,391.2,391.5,337.1733,341.1667,177308181.0
2021-11-10 05:00:00,336.8033,359.3667,329.1033,355.9833,128404407.0
2021-11-11 05:00:00,367.59,368.3233,351.56,354.5033,67189704.0
2021-11-12 05:00:00,349.1667,351.5,339.7333,344.4733,76478544.0
2021-11-15 05:00:00,339.21,343.9933,326.2,337.7967,104326947.0
2021-11-16 05:00:00,334.4367,352.4,334.06,351.5767,79595877.0
2021-11-17 05:00:00,354.5033,373.2133,351.8333,363.0033,94336095.0
2021-11-18 05:00:00,368.85,370.6667,358.34,365.46,62696790.0
2021-11-19 05:00:00,366.29,379.5733,364.2333,379.02,64926774.0
2021-11-22 05:00:00,387.4433,400.65,377.4767,385.6233,99215277.0
2021-11-23 05:00:00,389.17,393.5,354.2333,369.6767,108515100.0
2021-11-24 05:00:00,360.13,377.59,354.0,372.0,67680714.0
2021-11-26 05:00:00,366.49,369.5942,360.3333,360.64,34863570.0
2021-11-29 05:00:00,366.9967,380.89,366.73,378.9967,58393401.0
2021-11-30 05:00:00,381.4567,389.3333,372.6667,381.5867,81276114.0
2021-12-01 05:00:00,386.8983,390.9466,363.5867,365.0,68804094.0
2021-12-02 05:00:00,366.3533,371.0,352.2167,361.5333,73114869.0
2021-12-03 05:00:00,361.5967,363.5251,333.4033,338.3233,92321985.0
2021-12-06 05:00:00,333.8367,340.5467,316.8333,336.3367,81663111.0
2021-12-07 05:00:00,348.0667,352.558,342.27,350.5833,56084571.0
2021-12-08 05:00:00,350.9033,357.46,344.3334,356.32,41906370.0
2021-12-09 05:00:00,353.5467,354.1633,334.12,334.6,59438496.0
2021-12-10 05:00:00,336.25,340.3266,327.51,339.01,59664366.0
2021-12-13 05:00:00,333.6967,335.0,317.14,322.1367,78595506.0
2021-12-14 05:00:00,315.0,322.1367,310.0,319.5033,70792767.0
2021-12-15 05:00:00,317.7367,326.25,309.4167,325.33,72469230.0
2021-12-16 05:00:00,331.5,331.66,307.2833,308.9733,82771443.0
2021-12-17 05:00:00,304.9233,320.22,303.0134,310.8567,100880262.0
2021-12-20 05:00:00,303.5667,307.2295,297.7967,299.98,56471613.0
2021-12-21 05:00:00,305.6233,313.1667,295.3733,312.8433,71517915.0
2021-12-22 05:00:00,321.8867,338.5533,319.0167,336.29,93634086.0
2021-12-23 05:00:00,335.6,357.6589,332.52,355.6667,92643945.0
2021-12-27 05:00:00,357.89,372.3333,356.9051,364.6467,70722480.0
2021-12-28 05:00:00,369.83,373.0,359.4733,362.8233,60323907.0
2021-12-29 05:00:00,366.2133,368.0,354.7133,362.0633,56154045.0
2021-12-30 05:00:00,353.7767,365.1833,351.05,356.78,47040939.0
2021-12-31 05:00:00,357.8148,360.6666,351.53,352.26,40733625.0
2022-01-03 05:00:00,382.5833,400.3567,378.68,399.9267,104686035.0
2022-01-04 05:00:00,396.5167,402.6667,374.35,383.1967,99798258.0
2022-01-05 05:00:00,382.2167,390.1133,360.3367,362.7067,80119797.0
2022-01-06 05:00:00,359.0,362.6667,340.1667,354.9,90324504.0
2022-01-07 05:00:00,360.1233,360.31,336.6667,342.32,83999748.0
2022-01-10 05:00:00,333.3333,353.0333,326.6667,352.7067,91814877.0
2022-01-11 05:00:00,351.2233,358.6167,346.2733,354.8,66045210.0
2022-01-12 05:00:00,359.6167,371.6133,357.53,368.74,83739015.0
2022-01-13 05:00:00,369.6883,371.8667,342.1797,343.8533,96909162.0
2022-01-14 05:00:00,339.96,350.6667,337.7929,349.87,72916011.0
2022-01-18 05:00:00,342.2017,356.93,338.6867,343.5033,66389409.0
2022-01-19 05:00:00,347.235,351.5566,331.6667,331.8833,75429288.0
2022-01-20 05:00:00,336.5767,347.22,331.3333,332.09,70488744.0
2022-01-21 05:00:00,332.1133,334.85,313.5,314.6333,103236027.0
2022-01-24 05:00:00,301.5867,311.171,283.8233,310.0,152325642.0
2022-01-25 05:00:00,304.7333,317.0867,301.07,306.1333,85502706.0
2022-01-26 05:00:00,317.4767,329.23,302.0,312.47,104867283.0
2022-01-27 05:00:00,311.12,311.7967,276.3333,276.3667,147106269.0
2022-01-28 05:00:00,277.1867,285.8333,264.0033,282.1167,134778870.0
2022-01-31 05:00:00,290.9033,312.6633,287.35,312.24,104253486.0
2022-02-01 05:00:00,311.7367,314.5667,301.6667,310.4167,73138338.0
2022-02-02 05:00:00,309.3933,310.5,296.47,301.8867,66791055.0
2022-02-03 05:00:00,294.0,312.3333,293.5067,297.0467,78855558.0
2022-02-04 05:00:00,299.0733,312.1667,293.7233,307.7733,73622073.0
2022-02-07 05:00:00,307.93,315.9233,300.903,302.4467,60244464.0
2022-02-08 05:00:00,301.8433,308.7633,298.2667,307.3333,50729013.0
2022-02-09 05:00:00,311.6667,315.4233,306.6667,310.6667,52259544.0
2022-02-10 05:00:00,302.79,314.6033,298.9,301.5167,66126831.0
2022-02-11 05:00:00,303.21,305.32,283.5667,286.6667,79640919.0
2022-02-14 05:00:00,287.19,299.6266,284.3833,291.92,67756416.0
2022-02-15 05:00:00,300.0,307.6667,297.7925,307.4767,57649542.0
2022-02-16 05:00:00,304.6833,308.81,300.4033,307.7967,51275046.0
2022-02-17 05:00:00,304.42,306.1666,291.3667,292.1167,55178418.0
2022-02-18 05:00:00,295.3333,295.6233,279.2033,285.66,68246841.0
2022-02-22 05:00:00,278.0433,285.5779,267.0334,273.8433,83199102.0
2022-02-23 05:00:00,276.81,278.4332,253.52,254.68,95230638.0
2022-02-24 05:00:00,233.4633,267.4933,233.3333,266.9233,135304215.0
2022-02-25 05:00:00,269.7433,273.1667,260.8002,269.9567,76018263.0
2022-02-28 05:00:00,271.67,292.2867,271.5692,290.1433,99006867.0
2022-03-01 05:00:00,289.8933,296.6267,284.5933,288.1233,74616861.0
2022-03-02 05:00:00,290.71,295.4933,281.424,293.2967,74640258.0
2022-03-03 05:00:00,292.9233,295.4797,277.5334,279.7633,61620507.0
2022-03-04 05:00:00,283.0333,285.2167,275.0536,279.43,67165461.0
2022-03-07 05:00:00,285.4333,288.7133,268.19,268.1933,72494172.0
2022-03-08 05:00:00,265.1767,283.33,260.7233,274.8,80369106.0
2022-03-09 05:00:00,279.8267,286.8533,277.3367,286.3233,59172669.0
2022-03-10 05:00:00,283.8167,284.8167,270.12,279.4333,58648644.0
2022-03-11 05:00:00,280.0657,281.2673,264.59,265.1167,67037166.0
2022-03-14 04:00:00,260.2033,266.9,252.0133,255.4567,71131263.0
2022-03-15 04:00:00,258.4233,268.5233,252.19,267.2967,66839703.0
2022-03-16 04:00:00,269.6667,280.6667,267.42,280.0767,84028821.0
2022-03-17 04:00:00,276.9967,291.6667,275.2393,290.5333,66582972.0
2022-03-18 04:00:00,291.4967,302.6167,289.13,301.7967,100378191.0
2022-03-21 04:00:00,304.9933,314.2833,302.3633,307.0533,81980352.0
2022-03-22 04:00:00,310.0,332.62,307.25,331.3267,105838857.0
2022-03-23 04:00:00,326.6467,346.9,325.4667,333.0367,120476469.0
2022-03-24 04:00:00,336.5767,341.4967,329.6,337.9733,68914878.0
2022-03-25 04:00:00,336.0,340.6,332.44,336.88,61968846.0
2022-03-28 04:00:00,355.0333,365.96,351.2,363.9467,102300579.0
2022-03-29 04:00:00,369.33,371.59,357.7033,366.5233,73601607.0
2022-03-30 04:00:00,363.7233,371.3167,361.3333,364.6633,59865006.0
2022-03-31 04:00:00,364.8567,367.7133,358.8803,359.2,48992757.0
2022-04-01 04:00:00,360.3833,364.9167,355.5467,361.53,54263223.0
2022-04-04 04:00:00,363.1267,383.3033,357.51,381.8167,82177701.0
2022-04-05 04:00:00,378.7667,384.29,362.4333,363.7533,79925019.0
2022-04-06 04:00:00,357.8233,359.6667,342.5667,348.5867,89348535.0
2022-04-07 04:00:00,350.7967,358.8633,340.5134,352.42,79436259.0
2022-04-08 04:00:00,347.7367,349.48,340.8117,341.83,54777669.0
2022-04-11 04:00:00,326.8,336.156,324.88,325.31,59357205.0
2022-04-12 04:00:00,332.5467,340.3974,325.5334,328.9833,65976096.0
2022-04-13 04:00:00,327.025,342.08,324.3657,340.79,55104912.0
2022-04-14 04:00:00,333.0967,337.57,327.3967,328.3333,58413105.0
2022-04-18 04:00:00,329.6767,338.3067,324.47,334.7633,51712161.0
2022-04-19 04:00:00,335.02,344.98,331.775,342.7167,49814232.0
2022-04-20 04:00:00,343.3333,344.6667,325.0834,325.7333,70604766.0
2022-04-21 04:00:00,358.2433,364.0733,332.1383,336.26,105409695.0
2022-04-22 04:00:00,338.3033,344.95,331.3334,335.0167,69680658.0
2022-04-25 04:00:00,326.3233,336.2067,325.1,332.6733,68341335.0
2022-04-26 04:00:00,331.81,333.3333,291.6667,292.14,136091667.0
2022-04-27 04:00:00,299.5267,306.0,292.4533,293.8367,76956396.0
2022-04-28 04:00:00,299.9933,300.0,273.9,292.5033,124940391.0
2022-04-29 04:00:00,300.75,311.4666,290.0,290.2533,88124595.0
2022-05-02 04:00:00,286.9233,302.12,282.6767,300.98,75781371.0
2022-05-03 04:00:00,301.06,308.0267,296.1967,303.0833,63709575.0
2022-05-04 04:00:00,301.3133,318.5,295.0933,317.54,81568704.0
2022-05-05 04:00:00,313.07,315.2,285.9,291.0933,92519193.0
2022-05-06 04:00:00,295.6667,296.0,281.035,288.55,72895911.0
2022-05-09 04:00:00,278.8167,281.8767,260.3833,262.37,90195672.0
2022-05-10 04:00:00,273.1033,275.12,258.0833,266.68,84401631.0
2022-05-11 04:00:00,265.0,269.9233,242.4,244.6667,96846759.0
2022-05-12 04:00:00,233.6667,253.22,226.6667,242.6667,140312862.0
2022-05-13 04:00:00,257.8267,262.45,250.5217,256.53,92000724.0
2022-05-16 04:00:00,255.72,256.5867,239.6962,241.4567,86094219.0
2022-05-17 04:00:00,249.12,254.8267,242.95,253.87,80236110.0
2022-05-18 04:00:00,248.1733,253.5,233.6033,236.6033,87211812.0
2022-05-19 04:00:00,235.6667,244.6667,231.37,236.4733,90296673.0
2022-05-20 04:00:00,237.9967,240.5273,211.0,221.3,144926805.0
2022-05-23 04:00:00,218.34,226.6517,212.6867,224.9667,88847838.0
2022-05-24 04:00:00,217.8433,217.9733,206.8567,209.3867,89079615.0
2022-05-25 04:00:00,207.95,223.1067,207.67,219.6,92139324.0
2022-05-26 04:00:00,220.4733,239.5566,217.8867,235.91,105103344.0
2022-05-27 04:00:00,241.0833,253.2667,240.177,253.21,89296227.0
2022-05-31 04:00:00,257.9467,259.6,244.7433,252.7533,101914371.0
2022-06-01 04:00:00,251.72,257.3267,243.64,246.79,77247963.0
2022-06-02 04:00:00,244.1567,264.21,242.0667,258.3333,93473118.0
2022-06-03 04:00:00,243.225,247.7966,233.4178,234.5167,112393737.0
2022-06-06 04:00:00,244.3533,244.8667,234.35,238.28,84204522.0
2022-06-07 04:00:00,234.0,239.9967,230.0933,238.8867,72790647.0
2022-06-08 04:00:00,240.0867,249.9633,239.1767,241.8667,76090620.0
2022-06-09 04:00:00,249.34,255.5466,239.3267,239.7067,96292407.0
2022-06-10 04:00:00,235.1567,239.5,227.9133,232.23,98060898.0
2022-06-13 04:00:00,223.1667,226.6333,214.6833,215.7367,102767262.0
2022-06-14 04:00:00,218.2867,226.33,211.7367,220.89,97979796.0
2022-06-15 04:00:00,220.9167,235.6633,218.15,233.0,119115135.0
2022-06-16 04:00:00,222.7367,225.1667,208.6933,213.1,107390670.0
2022-06-17 04:00:00,213.4333,220.9694,213.1967,216.76,92138970.0
2022-06-21 04:00:00,224.6033,243.5774,224.3333,237.0367,122792955.0
2022-06-22 04:00:00,234.5033,246.8333,233.8267,236.0867,101527260.0
2022-06-23 04:00:00,237.905,239.3167,228.6367,235.07,104202678.0
2022-06-24 04:00:00,237.4683,246.0667,236.0867,245.7067,94900695.0
2022-06-27 04:00:00,249.3667,252.07,242.5655,244.92,89178312.0
2022-06-28 04:00:00,244.4833,249.97,232.3433,232.6633,90661461.0
2022-06-29 04:00:00,230.5,231.1733,222.2733,228.49,82897254.0
2022-06-30 04:00:00,224.51,229.4567,218.8633,224.4733,94150452.0
2022-07-01 04:00:00,227.0,230.23,222.12,227.2633,74460444.0
2022-07-05 04:00:00,223.0,233.1467,216.1667,233.0667,84779112.0
2022-07-06 04:00:00,230.78,234.5633,227.1867,231.7333,71853630.0
2022-07-07 04:00:00,233.92,245.3617,232.21,244.5433,81930690.0
2022-07-08 04:00:00,242.3333,254.98,241.1614,250.7633,101854086.0
2022-07-11 04:00:00,252.1033,253.0633,233.6267,234.3433,99509220.0
2022-07-12 04:00:00,236.8467,239.7733,228.3683,233.07,87930960.0
2022-07-13 04:00:00,225.5,242.06,225.0333,237.04,97954497.0
2022-07-14 04:00:00,234.8967,238.6533,229.3333,238.3133,78549072.0
2022-07-15 04:00:00,240.0,243.6233,236.89,240.0667,69678159.0
2022-07-18 04:00:00,244.9367,250.5167,239.6033,240.5467,82526109.0
2022-07-19 04:00:00,245.0,247.14,236.9767,245.53,80890110.0
2022-07-20 04:00:00,246.7833,250.6633,243.483,247.5,88564089.0
2022-07-21 04:00:00,255.1067,273.2667,254.8667,271.7067,141966552.0
2022-07-22 04:00:00,276.22,280.7867,270.7133,272.2433,103462317.0
2022-07-25 04:00:00,272.2167,274.1467,267.4,268.4333,64073505.0
2022-07-26 04:00:00,266.5133,267.31,256.2633,258.86,66820758.0
2022-07-27 04:00:00,263.81,275.9256,261.79,274.82,88109988.0
2022-07-28 04:00:00,280.0667,283.3,272.8,280.9,84722991.0
2022-07-29 04:00:00,280.7,298.32,279.1,297.15,95312883.0
2022-08-01 04:00:00,301.275,311.8782,295.0,297.2767,117042888.0
2022-08-02 04:00:00,294.0033,307.8333,292.6667,300.5867,95577468.0
2022-08-03 04:00:00,305.0,309.55,301.15,307.3967,79630905.0
2022-08-04 04:00:00,311.0,313.6067,305.0,308.6333,72189717.0
2022-08-05 04:00:00,302.67,304.6066,285.5447,288.17,113154780.0
2022-08-08 04:00:00,295.0,305.2,289.0854,290.4233,99365274.0
2022-08-09 04:00:00,290.2933,292.3967,279.3533,283.3333,86244681.0
2022-08-10 04:00:00,297.0667,297.51,283.37,294.3567,94903572.0
2022-08-11 04:00:00,296.5133,298.2367,285.8333,286.63,70155045.0
2022-08-12 04:00:00,289.415,300.16,285.0333,300.03,79657287.0
2022-08-15 04:00:00,301.7867,313.1333,301.23,309.32,89359167.0
2022-08-16 04:00:00,311.6667,314.6667,302.8833,306.5633,88071762.0
2022-08-17 04:00:00,303.3967,309.6567,300.0333,303.9967,68765970.0
2022-08-18 04:00:00,306.0,306.5,301.8533,302.87,47500536.0
2022-08-19 04:00:00,299.0,300.36,292.5,296.6667,61395387.0
2022-08-22 04:00:00,291.9133,292.4,286.2967,289.9133,55843347.0
2022-08-23 04:00:00,291.4533,298.8266,287.9233,296.4533,63985044.0
2022-08-24 04:00:00,297.5633,303.6467,296.5,297.0967,57254676.0
2022-08-25 04:00:00,302.36,302.96,291.6,296.07,53208413.0
2022-08-26 04:00:00,297.43,302.0,287.47,288.09,57111447.0
2022-08-29 04:00:00,282.83,287.74,280.7,284.82,41847822.0
2022-08-30 04:00:00,287.865,288.48,272.65,277.7,50539284.0
2022-08-31 04:00:00,280.62,281.25,271.81,275.61,52107337.0
2022-09-01 04:00:00,272.575,277.58,266.15,277.16,54282224.0
2022-09-02 04:00:00,281.065,282.35,269.08,270.21,50890090.0
2022-09-06 04:00:00,272.675,275.99,265.74,274.42,55847384.0
2022-09-07 04:00:00,273.1,283.84,272.27,283.7,50013916.0
2022-09-08 04:00:00,281.3,289.5,279.76,289.26,53713124.0
2022-09-09 04:00:00,291.67,299.85,291.245,299.68,54470854.0
2022-09-12 04:00:00,300.72,305.49,300.4,304.42,48674604.0
2022-09-13 04:00:00,292.9,297.3999,290.4,292.13,68229619.0
2022-09-14 04:00:00,292.24,306.0,291.64,302.61,72628653.0
2022-09-15 04:00:00,301.825,309.12,300.7247,303.75,64771523.0
2022-09-16 04:00:00,299.605,303.71,295.6005,303.35,87034286.0
2022-09-19 04:00:00,300.09,309.84,297.8,309.07,60231156.0
2022-09-20 04:00:00,306.91,313.33,305.58,308.73,61595783.0
2022-09-21 04:00:00,308.29,313.8,300.63,300.8,62498656.0
2022-09-22 04:00:00,299.86,301.29,285.82,288.59,70531910.0
2022-09-23 04:00:00,283.09,284.5,272.82,275.33,63702162.0
2022-09-26 04:00:00,271.83,284.09,270.31,276.01,57846913.0
2022-09-27 04:00:00,283.84,288.67,277.51,282.94,61925185.0
2022-09-28 04:00:00,283.08,289.0,277.57,287.81,54642017.0
2022-09-29 04:00:00,282.76,283.65,265.78,268.21,77613142.0
2022-09-30 04:00:00,266.145,275.57,262.47,265.25,67684990.0
2022-10-03 04:00:00,254.5,255.16,241.01,242.4,98363541.0
2022-10-04 04:00:00,250.52,257.5,242.01,249.44,109128535.0
2022-10-05 04:00:00,245.01,246.6697,233.27,240.81,86982673.0
2022-10-06 04:00:00,239.44,244.58,235.35,238.13,69298437.0
2022-10-07 04:00:00,233.935,234.5715,222.02,223.07,83916800.0
2022-10-10 04:00:00,223.93,226.99,218.3582,222.96,67918618.0
2022-10-11 04:00:00,220.945,225.75,215.0,216.5,77013202.0
2022-10-12 04:00:00,215.33,219.2999,211.51,217.24,66714949.0
2022-10-13 04:00:00,208.3,222.99,206.22,221.72,91461445.0
2022-10-14 04:00:00,224.01,226.26,204.16,204.99,93934561.0
2022-10-17 04:00:00,210.04,221.86,209.45,219.35,79428810.0
2022-10-18 04:00:00,229.5,229.82,217.25,220.19,75890225.0
2022-10-19 04:00:00,219.8,222.93,217.78,222.04,65468379.0
2022-10-20 04:00:00,208.28,215.55,202.0,207.28,117759436.0
2022-10-21 04:00:00,206.415,214.66,203.8,214.44,75513754.0
2022-10-24 04:00:00,205.82,213.5,198.5863,211.25,100035871.0
2022-10-25 04:00:00,210.1,224.3498,210.0,222.415,96507870.0
2022-10-26 04:00:00,219.4,230.6,218.2,224.64,85327078.0
2022-10-27 04:00:00,229.77,233.81,222.85,225.09,61632874.0
2022-10-28 04:00:00,225.4,228.86,216.35,228.52,69152386.0
2022-10-31 04:00:00,226.19,229.85,221.94,227.54,61543761.0
2022-11-01 04:00:00,234.05,237.3951,227.28,227.82,62688822.0
2022-11-02 04:00:00,226.04,227.8699,214.82,214.98,63070293.0
2022-11-03 04:00:00,211.36,221.2,210.14,215.31,56538848.0
2022-11-04 04:00:00,222.6,223.8,203.08,207.47,98618712.0
2022-11-07 05:00:00,208.65,208.9,196.66,197.08,93916520.0
2022-11-08 05:00:00,194.02,195.2,186.75,191.3,128791804.0
2022-11-09 05:00:00,190.775,195.89,177.12,177.59,126992555.0
2022-11-10 05:00:00,189.9,191.0,180.03,190.72,132703015.0
2022-11-11 05:00:00,186.0,196.52,182.59,195.97,114378775.0
2022-11-14 05:00:00,192.77,195.73,186.34,190.95,92208649.0
2022-11-15 05:00:00,195.88,200.8237,192.06,194.42,91030136.0
2022-11-16 05:00:00,191.51,192.57,185.66,186.92,66561999.0
2022-11-17 05:00:00,183.96,186.16,180.9,183.17,64335970.0
2022-11-18 05:00:00,185.05,185.19,176.55,180.19,76048866.0
2022-11-21 05:00:00,175.85,176.77,167.54,167.87,92848312.0
2022-11-22 05:00:00,168.63,170.92,166.185,169.91,78422477.0
2022-11-23 05:00:00,173.57,183.62,172.5,183.2,109536709.0
2022-11-25 05:00:00,185.06,185.2,180.63,182.86,50672739.0
2022-11-28 05:00:00,179.96,188.5,179.0,182.92,93038148.0
2022-11-29 05:00:00,184.99,186.38,178.75,180.83,82947611.0
2022-11-30 05:00:00,182.43,194.76,180.6301,194.7,109186404.0
2022-12-01 05:00:00,197.08,198.92,191.8,194.7,80039013.0
2022-12-02 05:00:00,191.78,196.25,191.11,194.86,73645922.0
2022-12-05 05:00:00,189.44,191.27,180.55,182.45,93119617.0
2022-12-06 05:00:00,181.215,183.65,175.33,179.82,92136823.0
2022-12-07 05:00:00,175.03,179.38,172.218,174.04,84213284.0
2022-12-08 05:00:00,172.2,175.2,169.06,173.44,97524491.0
2022-12-09 05:00:00,173.84,182.5,173.36,179.05,104872336.0
2022-12-12 05:00:00,176.1,177.37,167.52,167.82,109294471.0
2022-12-13 05:00:00,174.87,175.05,156.91,160.95,175862722.0
2022-12-14 05:00:00,159.25,161.62,155.31,156.8,140682338.0
2022-12-15 05:00:00,153.44,160.9299,153.28,157.67,122306559.0
2022-12-16 05:00:00,159.635,160.99,150.04,150.23,139032175.0
2022-12-19 05:00:00,154.0,155.25,145.82,149.87,139390634.0
2022-12-20 05:00:00,146.05,148.47,137.66,137.8,159495767.0
2022-12-21 05:00:00,139.335,141.26,135.89,137.57,145349224.0
2022-12-22 05:00:00,136.0,136.63,122.26,125.35,210009450.0
2022-12-23 05:00:00,126.37,128.6173,121.02,123.15,166989688.0
2022-12-27 05:00:00,117.495,119.67,108.76,109.1,208643444.0
2022-12-28 05:00:00,110.35,116.27,108.24,112.71,220957487.0
2022-12-29 05:00:00,120.385,123.57,117.495,121.82,221899313.0
2022-12-30 05:00:00,119.95,124.48,119.75,123.18,157777339.0
2023-01-03 05:00:00,118.47,118.8,104.64,108.1,231402818.0
2023-01-04 05:00:00,109.11,114.59,107.52,113.64,180358575.0
2023-01-05 05:00:00,110.51,111.75,107.1601,110.34,157927424.0
2023-01-06 05:00:00,103.0,114.39,101.81,113.06,220874051.0
2023-01-09 05:00:00,118.96,123.52,117.11,119.77,190283951.0
2023-01-10 05:00:00,121.07,122.76,114.92,118.85,167603486.0
2023-01-11 05:00:00,122.09,125.95,120.51,123.22,183810771.0
2023-01-12 05:00:00,122.56,124.1311,117.0,123.56,169400913.0
2023-01-13 05:00:00,116.55,122.63,115.6,122.4,180714119.0
2023-01-17 05:00:00,125.695,131.7,125.02,131.49,186476985.0
2023-01-18 05:00:00,136.555,136.68,127.01,128.78,195526818.0
2023-01-19 05:00:00,127.26,129.99,124.3082,127.17,170287880.0
2023-01-20 05:00:00,128.68,133.51,127.3466,133.42,138858136.0
2023-01-23 05:00:00,135.87,145.3793,134.27,143.75,202107061.0
2023-01-24 05:00:00,143.0,146.5,141.1,143.89,158669331.0
2023-01-25 05:00:00,141.905,146.41,138.07,144.43,192731847.0
2023-01-26 05:00:00,159.965,161.42,154.76,160.27,234708790.0
2023-01-27 05:00:00,162.43,180.68,161.17,177.9,306542013.0
2023-01-30 05:00:00,178.05,179.77,166.5,166.66,230862447.0
2023-01-31 05:00:00,164.57,174.3,162.78,173.22,196729941.0
2023-02-01 05:00:00,173.89,183.805,169.93,181.41,213761623.0
2023-02-02 05:00:00,187.325,196.7501,182.61,188.27,217448287.0
2023-02-03 05:00:00,183.95,199.0,183.69,189.98,232595013.0
2023-02-06 05:00:00,193.01,198.17,189.92,194.76,186180031.0
2023-02-07 05:00:00,196.43,197.5,189.55,196.81,185997767.0
2023-02-08 05:00:00,196.1,203.0,194.31,201.29,180612134.0
2023-02-09 05:00:00,207.775,214.0,204.77,207.32,215431442.0
2023-02-10 05:00:00,202.225,206.2,192.89,196.89,204754129.0
2023-02-13 05:00:00,194.415,196.3,187.61,194.64,172475452.0
2023-02-14 05:00:00,191.94,209.82,189.44,209.25,216334008.0
2023-02-15 05:00:00,211.755,214.66,206.11,214.24,182016181.0
2023-02-16 05:00:00,210.78,217.65,201.84,202.04,229558338.0
2023-02-17 05:00:00,199.985,208.44,197.5,208.31,213728549.0
2023-02-21 05:00:00,204.99,209.71,197.22,197.37,179997088.0
2023-02-22 05:00:00,197.93,201.99,191.78,200.86,191730657.0
2023-02-23 05:00:00,203.91,205.14,196.33,202.07,146359950.0
2023-02-24 05:00:00,196.325,197.6695,192.8,196.88,142221085.0
2023-02-27 05:00:00,202.03,209.42,201.26,207.63,161026215.0
2023-02-28 05:00:00,210.59,211.23,203.75,205.71,153140787.0
2023-03-01 05:00:00,206.21,207.2,198.52,202.77,156837790.0
2023-03-02 05:00:00,186.74,193.7499,186.01,190.9,181943904.0
2023-03-03 05:00:00,194.795,200.48,192.88,197.79,154150777.0
2023-03-06 05:00:00,198.54,198.6,192.3,193.81,128086106.0
2023-03-07 05:00:00,191.38,194.2,186.1,187.71,148125790.0
2023-03-08 05:00:00,185.04,186.5,180.0,182.0,151731963.0
2023-03-09 05:00:00,180.25,185.18,172.5124,172.92,170023794.0
2023-03-10 05:00:00,175.13,178.29,168.44,173.44,191488872.0
2023-03-13 04:00:00,167.455,177.35,163.91,174.48,167790256.0
2023-03-14 04:00:00,177.31,183.8,177.1401,183.26,143717897.0
2023-03-15 04:00:00,180.8,182.34,176.03,180.45,145973833.0
2023-03-16 04:00:00,180.365,185.81,178.84,184.13,121364253.0
2023-03-17 04:00:00,184.515,186.2199,177.33,180.13,132582140.0
2023-03-20 04:00:00,178.08,186.44,176.35,183.25,129284359.0
2023-03-21 04:00:00,188.28,198.0,188.04,197.58,153391444.0
2023-03-22 04:00:00,199.3,200.66,190.95,191.15,150370133.0
2023-03-23 04:00:00,195.26,199.31,188.65,192.22,144193876.0
2023-03-24 04:00:00,191.65,192.36,187.15,190.41,116511584.0
2023-03-27 04:00:00,194.415,197.39,189.94,191.81,120851587.0
2023-03-28 04:00:00,192.0,192.35,185.43,189.19,98654635.0
2023-03-29 04:00:00,193.13,195.29,189.44,193.88,123660026.0
2023-03-30 04:00:00,195.58,197.33,194.42,195.28,110247738.0
2023-03-31 04:00:00,197.53,207.79,197.2,207.46,170206718.0
2023-04-03 04:00:00,199.91,202.6897,192.2,194.77,169239000.0
2023-04-04 04:00:00,197.32,198.7446,190.32,192.58,126444045.0
2023-04-05 04:00:00,190.515,190.68,183.76,185.52,133882193.0
2023-04-06 04:00:00,183.08,186.39,179.74,185.06,123857932.0
2023-04-10 04:00:00,179.94,185.1,176.11,184.51,142054637.0
2023-04-11 04:00:00,186.69,189.19,185.6475,186.79,115770892.0
2023-04-12 04:00:00,190.74,191.5846,180.31,180.54,150256278.0
2023-04-13 04:00:00,182.955,186.5,180.94,185.9,112932985.0
2023-04-14 04:00:00,183.95,186.28,182.01,185.0,96408489.0
2023-04-17 04:00:00,186.32,189.69,182.69,187.04,116662189.0
2023-04-18 04:00:00,187.15,187.69,183.5775,184.31,92066996.0
2023-04-19 04:00:00,179.1,183.5,177.65,180.59,125727287.0
2023-04-20 04:00:00,166.165,169.7,160.56,162.99,210925047.0
2023-04-21 04:00:00,164.8,166.0,161.3208,165.08,123538954.0
2023-04-24 04:00:00,164.65,165.65,158.61,162.55,140006559.0
2023-04-25 04:00:00,159.82,163.47,158.75,160.67,121999312.0
2023-04-26 04:00:00,160.29,160.67,153.14,153.75,153364142.0
2023-04-27 04:00:00,152.64,160.48,152.37,160.19,127015177.0
2023-04-28 04:00:00,160.9,165.0,157.32,164.31,122515812.0
2023-05-01 04:00:00,163.17,163.28,158.83,161.83,109000248.0
2023-05-02 04:00:00,161.88,165.49,158.93,160.31,128259744.0
2023-05-03 04:00:00,160.01,165.0,159.91,160.61,119712912.0
2023-05-04 04:00:00,162.71,162.95,159.65,161.2,95108192.0
2023-05-05 04:00:00,163.97,170.7899,163.51,170.06,107575799.0
2023-05-08 04:00:00,173.72,173.8,169.19,171.79,112248249.0
2023-05-09 04:00:00,168.95,169.82,166.56,169.15,88859843.0
2023-05-10 04:00:00,172.55,174.43,166.68,168.54,119798843.0
2023-05-11 04:00:00,168.7,173.57,166.79,172.08,103871205.0
2023-05-12 04:00:00,176.07,177.38,167.23,167.98,157768815.0
2023-05-15 04:00:00,167.655,169.76,164.5499,166.35,105592510.0
2023-05-16 04:00:00,165.65,169.5184,164.35,166.52,98287142.0
2023-05-17 04:00:00,168.41,174.5,167.185,173.86,125439358.0
2023-05-18 04:00:00,174.22,177.06,172.45,176.89,109520332.0
2023-05-19 04:00:00,177.17,181.95,176.31,180.14,136190926.0
2023-05-22 04:00:00,180.7,189.32,180.11,188.87,132001430.0
2023-05-23 04:00:00,186.2,192.96,185.26,185.77,156952042.0
2023-05-24 04:00:00,182.23,184.22,178.22,182.9,137603831.0
2023-05-25 04:00:00,186.54,186.78,180.58,184.47,96870719.0
2023-05-26 04:00:00,184.62,198.6,184.53,193.17,162030446.0
2023-05-30 04:00:00,200.1,204.48,197.53,201.16,128811186.0
2023-05-31 04:00:00,199.78,203.95,195.12,203.93,150663736.0
2023-06-01 04:00:00,202.59,209.8,199.37,207.52,148029931.0
2023-06-02 04:00:00,210.15,217.25,209.752,213.97,164397946.0
2023-06-05 04:00:00,217.8,221.29,214.52,217.61,151111552.0
2023-06-06 04:00:00,216.14,221.91,212.53,221.31,146907576.0
2023-06-07 04:00:00,228.0,230.8296,223.2,224.57,185630591.0
2023-06-08 04:00:00,224.22,235.23,223.01,234.86,164477139.0
2023-06-09 04:00:00,249.07,252.42,242.02,244.4,200174671.0
2023-06-12 04:00:00,247.94,250.97,244.59,249.83,150739148.0
2023-06-13 04:00:00,253.51,259.68,251.34,258.71,162369003.0
2023-06-14 04:00:00,260.17,261.57,250.5,256.79,170543752.0
2023-06-15 04:00:00,248.4,258.95,247.29,255.9,160133746.0
2023-06-16 04:00:00,258.92,263.6,257.2091,260.54,167765649.0
2023-06-20 04:00:00,261.5,274.75,261.12,274.45,165599166.0
2023-06-21 04:00:00,275.13,276.99,257.78,259.46,211779399.0
2023-06-22 04:00:00,250.77,265.0,248.25,264.61,166575944.0
2023-06-23 04:00:00,259.29,262.45,252.8,256.6,177443153.0
2023-06-26 04:00:00,250.065,258.37,240.7,241.05,179982707.0
2023-06-27 04:00:00,243.24,250.3899,240.85,250.21,164969701.0
2023-06-28 04:00:00,249.7,259.88,248.89,256.24,159743027.0
2023-06-29 04:00:00,258.03,260.74,253.61,257.5,131283360.0
2023-06-30 04:00:00,260.6,264.45,259.89,261.77,112611784.0
2023-07-03 04:00:00,276.49,284.25,275.11,279.82,119685880.0
2023-07-05 04:00:00,278.82,283.85,277.6,282.48,131530722.0
2023-07-06 04:00:00,278.09,279.97,272.88,276.54,120707419.0
2023-07-07 04:00:00,278.43,280.78,273.77,274.43,113877074.0
2023-07-10 04:00:00,276.47,277.52,265.1,269.61,119424888.0
2023-07-11 04:00:00,268.65,270.9,266.37,269.79,91962158.0
2023-07-12 04:00:00,276.325,276.52,271.46,271.99,95672096.0
2023-07-13 04:00:00,274.59,279.45,270.6,277.9,112643377.0
2023-07-14 04:00:00,277.01,285.3,276.31,281.38,120062369.0
2023-07-17 04:00:00,286.625,292.23,283.57,290.38,131036703.0
2023-07-18 04:00:00,290.15,295.26,286.01,293.34,112430213.0
2023-07-19 04:00:00,296.04,299.29,289.5201,291.26,142337536.0
2023-07-20 04:00:00,279.56,280.93,261.2,262.9,175157173.0
2023-07-21 04:00:00,268.0,268.0,255.8,260.02,160727973.0
2023-07-24 04:00:00,255.85,269.85,254.12,269.06,137004890.0
2023-07-25 04:00:00,272.38,272.9,265.0,265.28,112736277.0
2023-07-26 04:00:00,263.25,268.04,261.75,264.35,95643449.0
2023-07-27 04:00:00,268.31,269.13,255.3,255.71,103688763.0
2023-07-28 04:00:00,259.86,267.25,258.2312,266.44,111346026.0
2023-07-31 04:00:00,267.48,269.08,263.78,267.43,84582172.0
2023-08-01 04:00:00,266.26,266.47,260.25,261.07,83645720.0
2023-08-02 04:00:00,255.57,259.52,250.49,254.11,101741165.0
2023-08-03 04:00:00,252.04,260.49,252.0,259.32,97795545.0
2023-08-04 04:00:00,260.97,264.77,253.11,253.86,99539907.0
2023-08-07 04:00:00,251.45,253.6511,242.76,251.45,111084193.0
2023-08-08 04:00:00,247.45,250.92,245.01,249.7,96630383.0
2023-08-09 04:00:00,250.87,251.1,241.9,242.19,101526974.0
2023-08-10 04:00:00,245.4,251.8,243.0,245.34,109498608.0
2023-08-11 04:00:00,241.77,243.79,238.02,242.65,99038642.0
2023-08-14 04:00:00,235.7,240.66,233.75,239.76,98565731.0
2023-08-15 04:00:00,238.73,240.5,232.61,232.96,88185999.0
2023-08-16 04:00:00,228.02,233.97,225.38,225.6,112426570.0
2023-08-17 04:00:00,226.06,226.74,218.83,219.22,120704917.0
2023-08-18 04:00:00,214.12,217.58,212.36,215.49,136244960.0
2023-08-21 04:00:00,221.5512,232.1343,220.58,231.28,135675321.0
2023-08-22 04:00:00,240.25,240.82,229.55,233.19,130586984.0
2023-08-23 04:00:00,229.34,238.98,229.29,236.86,101077635.0
2023-08-24 04:00:00,238.66,238.92,228.1801,230.04,99777432.0
2023-08-25 04:00:00,231.31,239.0,230.35,238.59,106612231.0
2023-08-28 04:00:00,242.58,244.38,235.35,238.82,107673727.0
2023-08-29 04:00:00,238.58,257.48,237.77,257.18,134012603.0
2023-08-30 04:00:00,254.2,260.51,250.59,256.9,121978637.0
2023-08-31 04:00:00,255.98,261.18,255.05,258.08,108861698.0
2023-09-01 04:00:00,257.26,259.0794,242.01,245.01,132481248.0
2023-09-05 04:00:00,245.0,258.0,244.86,256.49,129455425.0
2023-09-06 04:00:00,255.135,255.39,245.06,251.92,116952759.0
2023-09-07 04:00:00,245.07,252.81,243.265,251.49,115312886.0
2023-09-08 04:00:00,251.22,256.52,246.67,248.5,118558435.0
2023-09-11 04:00:00,264.27,274.85,260.61,273.58,174667852.0
2023-09-12 04:00:00,270.76,278.39,266.6,267.48,135991116.0
2023-09-13 04:00:00,270.07,274.98,268.1,271.3,111673737.0
2023-09-14 04:00:00,271.32,276.7094,270.42,276.04,107709842.0
2023-09-15 04:00:00,277.55,278.98,271.0,274.39,133692313.0
2023-09-18 04:00:00,271.16,271.44,263.7601,265.28,101540959.0
2023-09-19 04:00:00,264.35,267.85,261.2,266.5,103677113.0
2023-09-20 04:00:00,267.04,273.93,262.4606,262.59,122491643.0
2023-09-21 04:00:00,257.85,260.86,254.21,255.7,119803341.0
2023-09-22 04:00:00,257.4,257.7888,244.48,244.88,127524083.0
2023-09-25 04:00:00,243.38,247.1,238.31,246.99,104583747.0
2023-09-26 04:00:00,242.98,249.55,241.6601,244.12,101934431.0
2023-09-27 04:00:00,244.262,245.33,234.58,240.5,136585184.0
2023-09-28 04:00:00,240.02,247.55,238.65,246.38,117043180.0
2023-09-29 04:00:00,250.0,254.77,246.35,250.22,128472729.0
2023-10-02 04:00:00,244.81,254.2799,242.62,251.6,123810402.0
2023-10-03 04:00:00,248.61,250.02,244.45,246.53,101985305.0
2023-10-04 04:00:00,248.14,261.86,247.6,261.16,129721567.0
2023-10-05 04:00:00,260.0,263.6,256.25,260.05,119159214.0
2023-10-06 04:00:00,253.98,261.65,250.65,260.53,118108312.0
2023-10-09 04:00:00,255.31,261.36,252.05,259.67,101377947.0
2023-10-10 04:00:00,257.75,268.94,257.65,263.62,122656030.0
2023-10-11 04:00:00,266.2,268.6,260.9,262.99,103706266.0
2023-10-12 04:00:00,262.92,265.41,256.6307,258.87,111508114.0
2023-10-13 04:00:00,258.9,259.6,250.22,251.12,102137686.0
2023-10-16 04:00:00,250.05,255.3999,248.48,253.92,88916276.0
2023-10-17 04:00:00,250.1,257.183,247.08,254.85,93535509.0
2023-10-18 04:00:00,252.7,254.63,242.08,242.68,125116646.0
2023-10-19 04:00:00,225.95,230.61,216.78,220.11,170588573.0
2023-10-20 04:00:00,217.01,218.8606,210.42,211.99,137930095.0
2023-10-23 04:00:00,210.0,216.98,202.51,212.08,150453468.0
2023-10-24 04:00:00,216.5,222.05,214.11,216.52,118096713.0
2023-10-25 04:00:00,215.88,220.1,212.2,212.42,107049087.0
2023-10-26 04:00:00,211.32,214.8,204.88,205.76,115095735.0
2023-10-27 04:00:00,210.6,212.41,205.77,207.3,94717973.0
2023-10-30 04:00:00,209.28,211.35,191.25,197.36,136460923.0
2023-10-31 04:00:00,196.12,202.8,194.07,200.84,118053273.0
2023-11-01 04:00:00,204.04,205.99,197.85,205.66,121661656.0
2023-11-02 04:00:00,212.97,219.2,211.45,218.51,125959421.0
2023-11-03 04:00:00,221.15,226.3701,218.4,219.96,119526048.0
2023-11-06 05:00:00,223.98,226.32,215.0,219.27,116835820.0
2023-11-07 05:00:00,219.98,223.12,215.72,222.18,116897380.0
2023-11-08 05:00:00,223.15,224.15,217.64,222.11,106384841.0
2023-11-09 05:00:00,219.75,220.8,206.68,209.98,142065154.0
2023-11-10 05:00:00,210.03,215.38,205.69,214.65,131295153.0
2023-11-13 05:00:00,215.6,225.4,211.6101,223.71,140428469.0
2023-11-14 05:00:00,235.03,238.135,230.72,237.41,149762546.0
2023-11-15 05:00:00,239.29,246.7,236.45,242.84,150353975.0
2023-11-16 05:00:00,239.49,240.88,230.96,233.59,136774269.0
2023-11-17 05:00:00,232.0,237.39,226.54,234.3,142766234.0
2023-11-20 05:00:00,234.04,237.1,231.02,235.6,116562402.0
2023-11-21 05:00:00,235.04,243.62,233.34,241.2,122248300.0
2023-11-22 05:00:00,242.04,244.01,231.4,234.21,118117078.0
2023-11-24 05:00:00,233.75,238.75,232.33,235.45,65125203.0
2023-11-27 05:00:00,236.89,238.33,232.1,236.08,112031163.0
2023-11-28 05:00:00,236.68,247.0,234.01,246.72,148549913.0
2023-11-29 05:00:00,249.21,252.75,242.76,244.14,135380335.0
2023-11-30 05:00:00,245.14,245.22,236.91,240.08,132353076.0
2023-12-01 05:00:00,233.14,240.19,231.9,238.83,121303661.0
2023-12-04 05:00:00,235.75,239.3733,233.2902,235.58,104088317.0
2023-12-05 05:00:00,233.87,246.66,233.7,238.72,137964815.0
2023-12-06 05:00:00,242.92,246.57,239.1709,239.37,126436179.0
2023-12-07 05:00:00,241.55,244.08,236.98,242.64,107142262.0
2023-12-08 05:00:00,240.27,245.27,239.2701,243.84,103123229.0
2023-12-11 05:00:00,242.74,243.441,237.45,239.74,97911388.0
2023-12-12 05:00:00,238.55,238.99,233.87,237.01,95326563.0
2023-12-13 05:00:00,234.19,240.3,228.2,239.29,146266957.0
2023-12-14 05:00:00,241.22,253.88,240.79,251.05,160645939.0
2023-12-15 05:00:00,251.21,254.13,248.3,253.5,135857762.0
2023-12-18 05:00:00,253.78,258.74,251.36,252.08,116388940.0
2023-12-19 05:00:00,253.48,258.3399,253.01,257.22,106690869.0
2023-12-20 05:00:00,256.41,259.84,247.0,247.14,125096987.0
2023-12-21 05:00:00,251.9,254.7999,248.55,254.5,109594227.0
2023-12-22 05:00:00,256.76,258.22,251.37,252.54,93368169.0
2023-12-26 05:00:00,254.49,257.97,252.91,256.61,86892382.0
2023-12-27 05:00:00,258.35,263.34,257.52,261.44,106481409.0
2023-12-28 05:00:00,263.66,265.13,252.71,253.18,113619943.0
2023-12-29 05:00:00,255.1,255.19,247.43,248.48,100891578.0
2024-01-02 05:00:00,250.08,251.25,244.41,248.42,104654163.0
2024-01-03 05:00:00,244.98,245.68,236.32,238.45,121082599.0
2024-01-04 05:00:00,239.25,242.7,237.73,237.93,102618283.0
2024-01-05 05:00:00,236.86,240.1196,234.9001,237.49,92488939.0
2024-01-08 05:00:00,236.14,241.25,235.3,240.45,85163330.0
2024-01-09 05:00:00,238.11,238.9646,232.04,234.96,96701528.0
2024-01-10 05:00:00,235.1,235.5,231.29,233.94,91612402.0
2024-01-11 05:00:00,230.57,230.93,225.37,227.22,105871212.0
2024-01-12 05:00:00,220.08,225.34,217.1501,218.89,122915812.0
2024-01-16 05:00:00,215.1,223.49,212.18,219.91,114835186.0
2024-01-17 05:00:00,214.86,215.67,212.01,215.55,103130830.0
2024-01-18 05:00:00,216.88,217.45,208.74,211.88,108560656.0
2024-01-19 05:00:00,209.99,213.19,207.56,212.19,102120143.0
2024-01-22 05:00:00,212.26,217.8,206.27,208.8,117952527.0
2024-01-23 05:00:00,211.3,215.65,207.7516,209.14,106537446.0
2024-01-24 05:00:00,211.88,212.73,206.77,207.83,123285962.0
2024-01-25 05:00:00,189.7,193.0,180.06,182.63,197923887.0
2024-01-26 05:00:00,185.5,186.78,182.1,183.25,107387389.0
2024-01-29 05:00:00,185.63,191.48,183.67,190.93,124961148.0
2024-01-30 05:00:00,195.33,196.3593,190.61,191.59,109965827.0
2024-01-31 05:00:00,186.995,193.97,185.8459,187.29,103221430.0
2024-02-01 05:00:00,188.5,189.88,184.28,188.86,91843275.0
2024-02-02 05:00:00,185.04,188.69,182.0,187.91,110612672.0
2024-02-05 05:00:00,184.26,184.68,175.01,181.06,133945447.0
2024-02-06 05:00:00,177.21,186.49,177.11,185.1,122575954.0
2024-02-07 05:00:00,188.18,189.79,182.68,187.58,111535217.0
2024-02-08 05:00:00,189.0,191.6171,185.58,189.56,83034043.0
2024-02-09 05:00:00,190.18,194.12,189.48,193.57,84476347.0
2024-02-12 05:00:00,192.11,194.73,187.28,188.13,95431097.0
2024-02-13 05:00:00,183.99,187.26,182.1087,184.02,86759478.0
2024-02-14 05:00:00,185.3,188.89,183.35,188.71,81202987.0
2024-02-15 05:00:00,189.16,200.88,188.8595,200.45,120815962.0
2024-02-16 05:00:00,202.06,203.17,197.4,199.95,111346705.0
2024-02-20 05:00:00,196.13,198.6,189.13,193.76,104537762.0
2024-02-21 05:00:00,193.36,199.44,191.95,194.77,103844008.0
2024-02-22 05:00:00,194.0,198.32,191.36,197.41,92739461.0
2024-02-23 05:00:00,195.31,197.57,191.5,191.97,78841917.0
2024-02-26 05:00:00,192.29,201.78,192.0,199.4,111628616.0
2024-02-27 05:00:00,204.04,205.6,198.26,199.73,108606912.0
2024-02-28 05:00:00,200.42,205.3,198.44,202.04,99806173.0
2024-02-29 05:00:00,204.18,205.28,198.4463,201.88,85905374.0
2024-03-01 05:00:00,200.52,204.52,198.5,202.64,82243119.0
2024-03-04 05:00:00,198.73,199.75,186.72,188.14,134301269.0
2024-03-05 05:00:00,183.05,184.59,177.57,180.74,119597758.0
2024-03-06 05:00:00,179.99,181.576,173.7,176.54,107869464.0
2024-03-07 05:00:00,174.35,180.04,173.7,178.65,102129004.0
2024-03-08 05:00:00,181.5,182.73,174.7,175.34,85544644.0
2024-03-11 04:00:00,175.445,182.87,174.8,177.77,85241528.0
2024-03-12 04:00:00,177.77,179.43,172.4101,177.54,87303524.0
2024-03-13 04:00:00,173.05,176.05,169.15,169.48,106518518.0
2024-03-14 04:00:00,167.77,171.17,160.51,162.5,126242246.0
2024-03-15 04:00:00,163.16,165.1845,160.76,163.57,96978832.0
2024-03-18 04:00:00,170.02,174.72,165.9,173.8,108207608.0
2024-03-19 04:00:00,172.36,172.82,167.42,171.32,77268528.0
2024-03-20 04:00:00,173.0,176.25,170.82,175.66,83846726.0
2024-03-21 04:00:00,176.39,178.18,171.8,172.82,73067414.0
2024-03-22 04:00:00,166.69,171.2,166.3,170.83,75540637.0
2024-03-25 04:00:00,168.76,175.24,168.73,172.63,74228615.0
2024-03-26 04:00:00,178.58,184.25,177.38,177.67,113131227.0
2024-03-27 04:00:00,181.41,181.91,176.0,179.83,81804043.0
2024-03-28 04:00:00,177.45,179.57,175.3,175.79,77633508.0
2024-04-01 04:00:00,176.17,176.75,170.21,175.22,81562127.0
2024-04-02 04:00:00,164.75,167.69,163.43,166.63,116639094.0
2024-04-03 04:00:00,164.02,168.82,163.28,168.38,82890791.0
2024-04-04 04:00:00,170.07,177.19,168.01,171.11,123127860.0
2024-04-05 04:00:00,169.08,170.86,160.51,164.9,142987603.0
2024-04-08 04:00:00,169.34,174.5,167.79,172.98,104362520.0
2024-04-09 04:00:00,172.91,179.22,171.92,176.88,103224375.0
2024-04-10 04:00:00,173.04,174.93,170.01,171.76,84490407.0
2024-04-11 04:00:00,172.55,175.88,168.51,174.6,94500987.0
2024-04-12 04:00:00,172.34,173.8099,170.3644,171.05,64694669.0
2024-04-15 04:00:00,170.24,170.69,161.38,161.48,100237910.0
2024-04-16 04:00:00,156.742,158.19,153.75,157.11,96941856.0
2024-04-17 04:00:00,157.64,158.33,153.78,155.45,82400718.0
2024-04-18 04:00:00,151.25,152.2,148.7,149.93,96098830.0
2024-04-19 04:00:00,148.97,150.94,146.22,147.05,87048100.0
2024-04-22 04:00:00,140.56,144.44,138.8025,142.05,107028504.0
2024-04-23 04:00:00,143.33,147.26,141.11,144.68,124485654.0
2024-04-24 04:00:00,162.84,167.97,157.51,162.13,181105220.0
2024-04-25 04:00:00,158.96,170.88,158.36,170.18,126405121.0
2024-04-26 04:00:00,168.85,172.12,166.37,168.29,109794440.0
2024-04-29 04:00:00,188.42,198.87,184.54,194.05,243680048.0
2024-04-30 04:00:00,186.98,190.95,182.8401,183.28,127004487.0
2024-05-01 04:00:00,182.0,185.86,179.01,179.99,92829719.0
2024-05-02 04:00:00,182.86,184.6,176.02,180.01,89148041.0
2024-05-03 04:00:00,182.1,184.78,178.42,181.19,75491539.0
2024-05-06 04:00:00,183.8,187.56,182.2,184.76,84390253.0
2024-05-07 04:00:00,182.4,183.26,177.4,177.81,75007154.0
2024-05-08 04:00:00,171.59,176.06,170.15,174.72,79966888.0
2024-05-09 04:00:00,175.01,175.62,171.37,171.97,65950292.0
2024-05-10 04:00:00,173.05,173.0599,167.75,168.47,72592678.0
2024-05-13 04:00:00,170.0,175.4,169.0,171.89,66970453.0
2024-05-14 04:00:00,174.4959,179.49,174.07,177.55,86396172.0
2024-05-15 04:00:00,179.9,180.0,173.11,173.99,79662993.0
2024-05-16 04:00:00,174.1,175.79,171.43,174.84,59387220.0
2024-05-17 04:00:00,173.55,179.63,172.75,177.46,77409845.0
2024-05-20 04:00:00,177.56,177.754,173.52,174.95,61727375.0
2024-05-21 04:00:00,175.51,186.875,174.71,186.6,115247812.0
2024-05-22 04:00:00,182.85,183.8,178.12,180.11,88313477.0
2024-05-23 04:00:00,181.8,181.9,173.26,173.74,71975496.0
2024-05-24 04:00:00,174.835,180.08,173.73,179.24,65584478.0
2024-05-28 04:00:00,176.4,178.25,173.16,176.75,59714120.0
2024-05-29 04:00:00,174.19,178.15,173.93,176.19,54702649.0
2024-05-30 04:00:00,178.575,182.67,175.38,178.79,77784755.0
2024-05-31 04:00:00,178.5,180.32,173.82,178.08,67224602.0
2024-06-03 04:00:00,178.13,182.6389,174.49,176.29,68559920.0
2024-06-04 04:00:00,174.775,177.755,174.0,174.77,60056340.0
2024-06-05 04:00:00,175.35,176.15,172.13,175.0,57935756.0
2024-06-06 04:00:00,174.6,179.73,172.73,177.94,69887024.0
2024-06-07 04:00:00,176.13,179.35,175.58,177.48,56244932.0
2024-06-10 04:00:00,176.06,178.57,173.17,173.79,50869682.0
2024-06-11 04:00:00,173.92,174.75,167.41,170.66,64688798.0
2024-06-12 04:00:00,171.12,180.55,169.8,177.29,90372346.0
2024-06-13 04:00:00,188.39,191.08,181.23,182.47,118984122.0
2024-06-14 04:00:00,185.8,186.0,176.92,178.01,82038194.0
2024-06-17 04:00:00,177.92,188.81,177.0,187.44,109786083.0
2024-06-18 04:00:00,186.56,187.2,182.37,184.86,68974465.0
2024-06-20 04:00:00,184.68,185.21,179.66,181.57,55893139.0
2024-06-21 04:00:00,182.3,183.95,180.69,183.01,62922982.0
2024-06-24 04:00:00,184.97,188.8,182.55,182.58,61992070.0
2024-06-25 04:00:00,184.4,187.97,182.01,187.35,63677065.0
2024-06-26 04:00:00,186.54,197.755,186.36,196.37,95537066.0
2024-06-27 04:00:00,195.17,198.72,194.05,197.42,72650121.0
2024-06-28 04:00:00,199.55,203.2,195.26,197.88,95388068.0
2024-07-01 04:00:00,201.02,213.23,200.85,209.86,135663795.0
2024-07-02 04:00:00,218.89,231.3,218.06,231.26,205008945.0
2024-07-03 04:00:00,234.56,248.35,234.25,246.39,166539471.0
2024-07-05 04:00:00,249.81,252.37,242.4601,251.52,154368652.0
2024-07-08 04:00:00,247.71,259.439,244.57,252.94,157169375.0
2024-07-09 04:00:00,251.0,265.61,250.3,262.33,160742516.0
2024-07-10 04:00:00,262.8,267.59,257.86,263.26,128438090.0
2024-07-11 04:00:00,263.3,271.0,239.65,241.03,221707273.0
2024-07-12 04:00:00,235.8,251.84,233.0912,248.23,155930773.0
2024-07-15 04:00:00,255.97,265.6,251.73,252.64,146912920.0
2024-07-16 04:00:00,255.31,258.62,245.8001,256.56,126320970.0
2024-07-17 04:00:00,252.73,258.47,246.182,248.5,115584810.0
2024-07-18 04:00:00,251.09,257.14,247.2,249.23,110869037.0
2024-07-19 04:00:00,247.79,249.44,236.83,239.2,87359423.0
2024-07-22 04:00:00,244.21,253.21,243.75,251.51,101218030.0
2024-07-23 04:00:00,253.6,255.7594,245.63,246.38,111911692.0
2024-07-24 04:00:00,225.42,225.99,214.71,215.99,167936339.0
2024-07-25 04:00:00,216.8,226.0,216.231,220.25,100636466.0
2024-07-26 04:00:00,221.19,222.2799,215.33,219.8,94604145.0
2024-07-29 04:00:00,224.9,234.27,224.7,232.1,129200289.0
2024-07-30 04:00:00,232.25,232.41,220.0,222.62,100160334.0
2024-07-31 04:00:00,227.9,234.68,226.7875,232.07,67497011.0
2024-08-01 04:00:00,227.69,231.867,214.3328,216.86,83861898.0
2024-08-02 04:00:00,214.88,216.13,205.78,207.67,82829370.0
2024-08-05 04:00:00,185.22,203.8799,182.0,198.88,100250380.0
2024-08-06 04:00:00,200.75,202.9,192.67,200.64,73783942.0
2024-08-07 04:00:00,200.77,203.49,191.48,191.76,71074378.0
2024-08-08 04:00:00,195.7,200.7,192.04,198.84,65016474.0
2024-08-09 04:00:00,197.05,200.88,195.11,200.0,58587374.0
2024-08-12 04:00:00,199.02,199.26,194.67,197.49,64044699.0
2024-08-13 04:00:00,198.47,208.49,197.06,207.83,76225787.0
2024-08-14 04:00:00,207.39,208.44,198.75,201.38,70238414.0
2024-08-15 04:00:00,205.02,215.88,204.82,214.14,89848530.0
2024-08-16 04:00:00,211.15,219.8,210.8,216.12,87153922.0
2024-08-19 04:00:00,217.07,222.98,214.09,222.72,76435222.0
2024-08-20 04:00:00,224.88,228.22,219.56,221.1,73999382.0
2024-08-21 04:00:00,222.67,224.6594,218.86,223.27,70144164.0
2024-08-22 04:00:00,223.82,224.8,210.32,210.66,79508482.0
2024-08-23 04:00:00,214.455,221.48,214.21,220.32,81397707.0
2024-08-26 04:00:00,218.75,219.09,211.01,213.21,59176187.0
2024-08-27 04:00:00,213.25,215.66,206.94,209.21,62821390.0
2024-08-28 04:00:00,209.72,211.84,202.59,205.75,64116350.0
2024-08-29 04:00:00,209.8,214.89,205.97,206.28,62288458.0
2024-08-30 04:00:00,208.63,214.5701,207.03,214.11,63365208.0
2024-09-03 04:00:00,215.26,219.9043,209.64,210.6,76714222.0
2024-09-04 04:00:00,210.59,222.22,210.57,219.41,80592967.0
2024-09-05 04:00:00,223.49,235.0,222.25,230.17,119195013.0
2024-09-06 04:00:00,232.6,233.6,210.51,210.73,112170404.0
2024-09-09 04:00:00,216.2,219.87,213.67,216.27,67443518.0
2024-09-10 04:00:00,220.07,226.4,218.6377,226.17,78891136.0
2024-09-11 04:00:00,224.55,228.47,216.8003,228.13,83538383.0
2024-09-12 04:00:00,224.66,231.45,223.83,229.81,71802892.0
2024-09-13 04:00:00,228.0,232.67,226.32,230.29,59498489.0
2024-09-16 04:00:00,229.3,229.96,223.53,226.78,54304195.0
2024-09-17 04:00:00,229.45,234.57,226.5533,227.87,66758836.0
2024-09-18 04:00:00,230.09,235.68,226.88,227.2,77908454.0
2024-09-19 04:00:00,234.0,244.24,232.13,243.92,102679026.0
2024-09-20 04:00:00,241.52,243.99,235.92,238.25,99879070.0
2024-09-23 04:00:00,242.61,250.0,241.92,250.0,86912394.0
2024-09-24 04:00:00,254.08,257.19,249.0501,254.27,88490999.0
2024-09-25 04:00:00,252.54,257.05,252.28,257.02,65034318.0
2024-09-26 04:00:00,260.6,261.75,251.53,254.22,67142193.0
2024-09-27 04:00:00,257.375,260.6999,254.12,260.46,70737817.0
2024-09-30 04:00:00,259.04,264.86,255.77,261.63,80871681.0
2024-10-01 04:00:00,262.67,263.98,248.53,258.02,87397613.0
2024-10-02 04:00:00,247.55,251.1585,241.5,249.02,93968030.0
2024-10-03 04:00:00,244.48,249.79,237.81,240.66,80721140.0
2024-10-04 04:00:00,246.69,250.96,244.58,250.08,86719885.0
2024-10-07 04:00:00,249.0,249.83,240.7,240.83,68028970.0
2024-10-08 04:00:00,243.56,246.21,240.56,244.5,56223160.0
2024-10-09 04:00:00,243.82,247.43,239.51,241.05,66273629.0
2024-10-10 04:00:00,241.81,242.7899,232.34,238.77,82921063.0
2024-10-11 04:00:00,220.13,223.34,214.38,217.8,142551704.0
2024-10-14 04:00:00,220.13,221.91,213.74,219.16,86284173.0
2024-10-15 04:00:00,220.01,224.26,217.12,219.57,62942337.0
2024-10-16 04:00:00,221.4,222.8199,218.93,221.33,49632824.0
2024-10-17 04:00:00,221.59,222.08,217.9,220.89,50141784.0
2024-10-18 04:00:00,220.71,222.28,219.23,220.7,49311867.0
2024-10-21 04:00:00,218.9,220.48,215.726,218.85,47328988.0
2024-10-22 04:00:00,217.31,218.22,215.26,217.97,43261066.0
2024-10-23 04:00:00,217.125,218.72,212.11,213.65,80886842.0
2024-10-24 04:00:00,244.68,262.1199,242.65,260.48,204468053.0
2024-10-25 04:00:00,256.01,269.49,255.32,269.19,161611931.0
2024-10-28 04:00:00,270.0,273.536,262.24,262.51,107639853.0
2024-10-29 04:00:00,264.51,264.98,255.51,259.52,80516151.0
2024-10-30 04:00:00,258.035,263.35,255.8201,257.55,53971226.0
2024-10-31 04:00:00,257.99,259.75,249.25,249.85,66575292.0
2024-11-01 04:00:00,252.043,254.0,246.63,248.98,57532507.0
2024-11-04 05:00:00,244.56,248.9,238.88,242.84,68802354.0
2024-11-05 05:00:00,247.34,255.2799,246.2101,251.44,69144505.0
2024-11-06 05:00:00,284.67,289.59,275.62,288.53,165228710.0
2024-11-07 05:00:00,288.89,299.75,285.52,296.91,117149232.0
2024-11-08 05:00:00,299.14,328.71,297.66,321.22,204736163.0
2024-11-11 05:00:00,346.3,358.64,336.0,350.0,210503775.0
2024-11-12 05:00:00,342.74,345.84,323.31,328.49,155701016.0
2024-11-13 05:00:00,335.85,344.5999,322.5,330.24,125264339.0
2024-11-14 05:00:00,327.69,329.98,310.37,311.18,120726109.0
2024-11-15 05:00:00,310.57,324.6799,309.22,320.72,114435486.0
2024-11-18 05:00:00,340.73,348.5499,330.01,338.74,126533935.0
2024-11-19 05:00:00,335.76,347.3799,332.75,346.0,88852452.0
2024-11-20 05:00:00,345.0,346.5999,334.3,342.03,66340650.0
2024-11-21 05:00:00,343.81,347.9899,335.28,339.64,58011719.0
2024-11-22 05:00:00,341.085,361.53,337.7,352.56,89140722.0
2024-11-25 05:00:00,360.14,361.93,338.2,338.59,95738799.0
2024-11-26 05:00:00,341.0,346.96,335.66,338.23,62295857.0
2024-11-27 05:00:00,341.8,342.55,326.59,332.89,57896439.0
2024-11-29 05:00:00,336.08,345.45,334.6501,345.16,37167621.0
2024-12-02 05:00:00,352.38,360.0,351.1501,357.09,77986478.0
2024-12-03 05:00:00,351.8,355.69,348.2,351.42,58258896.0
2024-12-04 05:00:00,353.0,358.1,348.6,357.93,50810874.0
2024-12-05 05:00:00,359.87,375.43,359.5,369.49,81206169.0
2024-12-06 05:00:00,377.42,389.49,370.8,389.22,81453434.0
2024-12-09 05:00:00,397.61,404.8,378.01,389.79,96302573.0
2024-12-10 05:00:00,392.68,409.73,390.85,400.99,97541948.0
2024-12-11 05:00:00,409.7,424.88,402.38,424.77,104285759.0
2024-12-12 05:00:00,424.84,429.3,415.0,418.1,87750425.0
2024-12-13 05:00:00,420.0,436.3,415.71,436.23,88937833.0
2024-12-16 05:00:00,441.09,463.19,436.15,463.02,114083811.0
2024-12-17 05:00:00,475.9,483.99,457.5101,479.86,131222758.0
2024-12-18 05:00:00,466.495,488.5399,427.01,440.13,149337968.0
2024-12-19 05:00:00,451.88,456.36,420.02,436.17,118566146.0
2024-12-20 05:00:00,425.505,447.08,417.64,421.06,132186726.0
2024-12-23 05:00:00,431.0,434.51,415.4112,430.6,72698055.0
2024-12-24 05:00:00,435.9,462.78,435.14,462.28,59551750.0
2024-12-26 05:00:00,465.16,465.3299,451.02,454.13,76651210.0
2024-12-27 05:00:00,449.52,450.0,426.5,431.66,82650021.0
2024-12-30 05:00:00,419.4,427.0,415.75,417.41,64924467.0
2024-12-31 05:00:00,423.79,427.93,402.54,403.84,76821539.0
2025-01-02 05:00:00,390.1,392.7299,373.04,379.28,109710749.0
2025-01-03 05:00:00,381.48,411.8799,379.45,410.44,95420249.0
2025-01-06 05:00:00,423.2,426.43,401.7,411.05,85489034.0
2025-01-07 05:00:00,405.83,414.33,390.0,394.36,75699525.0
2025-01-08 05:00:00,392.95,402.4999,387.4,394.94,73037605.0
2025-01-10 05:00:00,391.4,399.28,377.29,394.74,62276533.0
2025-01-13 05:00:00,383.21,403.79,380.07,403.31,67573994.0
2025-01-14 05:00:00,414.34,422.64,394.54,396.36,84565022.0
2025-01-15 05:00:00,409.9,429.8,405.661,428.22,81367740.0
2025-01-16 05:00:00,423.49,424.0,409.13,413.82,68333121.0
2025-01-17 05:00:00,421.5,439.74,419.75,426.5,94475829.0
2025-01-21 05:00:00,432.64,433.2,406.31,424.07,87318494.0
2025-01-22 05:00:00,416.81,428.0,414.59,415.11,60954842.0
2025-01-23 05:00:00,416.06,420.73,408.95,412.38,50643592.0
2025-01-24 05:00:00,414.45,418.88,405.78,406.58,56404149.0
2025-01-27 05:00:00,394.8,406.69,389.0,397.15,58125210.0
2025-01-28 05:00:00,396.91,400.59,386.5,398.09,48890976.0
2025-01-29 05:00:00,395.21,398.5899,384.48,389.1,67991348.0
2025-01-30 05:00:00,410.78,412.5,384.41,400.28,98092879.0
2025-01-31 05:00:00,401.53,419.99,401.34,404.6,83568219.0
2025-02-03 05:00:00,386.68,389.17,374.36,383.68,93731522.0
2025-02-04 05:00:00,382.63,394.0,381.4,392.21,57072235.0
2025-02-05 05:00:00,387.51,388.39,375.53,378.17,57614721.0
2025-02-06 05:00:00,373.03,375.4,363.18,374.32,77918230.0
2025-02-07 05:00:00,370.19,380.5459,360.34,361.62,70290753.0
2025-02-10 05:00:00,356.21,362.7,350.51,350.73,77514903.0
2025-02-11 05:00:00,345.8,349.37,325.1,328.5,118112400.0
2025-02-12 05:00:00,329.94,346.4,329.12,336.51,105367809.0
2025-02-13 05:00:00,345.0,358.69,342.85,355.94,89422619.0
2025-02-14 05:00:00,360.62,362.0,347.5,355.84,68277279.0
2025-02-18 05:00:00,355.01,359.1,350.02,354.11,51607522.0
2025-02-19 05:00:00,354.0,367.34,353.67,360.56,67090019.0
2025-02-20 05:00:00,361.51,362.3,348.0,354.4,45965354.0
2025-02-21 05:00:00,353.44,354.98,334.42,337.8,73750337.0
2025-02-24 05:00:00,338.14,342.3973,324.7,330.53,76012371.0
2025-02-25 05:00:00,327.025,328.89,297.2512,302.8,134228777.0
2025-02-26 05:00:00,303.715,309.0,288.04,290.8,100078276.0
2025-02-27 05:00:00,291.16,297.23,280.88,281.95,99644597.0
2025-02-28 05:00:00,279.5,293.88,273.6,292.98,115590068.0
2025-03-03 05:00:00,300.34,303.94,277.3,284.65,115147914.0
2025-03-04 05:00:00,270.93,284.35,261.8401,272.04,126418623.0
2025-03-05 05:00:00,272.92,279.55,267.71,279.1,93493013.0
2025-03-06 05:00:00,272.06,272.65,260.02,263.45,98401566.0
2025-03-07 05:00:00,259.32,266.2499,250.73,262.67,102338532.0
2025-03-10 04:00:00,252.535,253.37,220.0,222.15,188905323.0
2025-03-11 04:00:00,225.305,237.0649,217.02,230.58,174894415.0
2025-03-12 04:00:00,247.22,251.84,241.1,248.09,142201681.0
2025-03-13 04:00:00,248.125,248.29,232.6,240.68,114592525.0
2025-03-14 04:00:00,247.31,251.58,240.73,249.98,100171474.0
2025-03-17 04:00:00,245.055,245.4,232.8,238.01,111833565.0
2025-03-18 04:00:00,228.155,230.1,222.28,225.31,111445611.0
2025-03-19 04:00:00,231.61,241.41,229.201,235.86,111980553.0
2025-03-20 04:00:00,233.345,238.0,230.0501,236.26,99026870.0
2025-03-21 04:00:00,234.985,249.52,234.55,248.71,131716184.0
2025-03-24 04:00:00,258.075,278.64,256.33,278.39,169044665.0
2025-03-25 04:00:00,283.6,288.2,271.28,288.14,150361538.0
2025-03-26 04:00:00,282.66,284.9,266.51,272.06,156250041.0
2025-03-27 04:00:00,272.48,291.85,271.8216,273.13,162554156.0
2025-03-28 04:00:00,275.575,276.1,260.57,263.55,123526189.0
2025-03-31 04:00:00,249.31,260.56,243.3601,259.16,133803221.0
2025-04-01 04:00:00,263.8,277.45,259.25,268.46,146486911.0
2025-04-02 04:00:00,254.6,284.99,251.27,282.76,212781017.0
2025-04-03 04:00:00,265.29,276.3,261.51,267.28,135871491.0
2025-04-04 04:00:00,255.38,261.0,236.0,239.43,181206728.0
2025-04-07 04:00:00,223.78,252.0,214.25,233.29,183126699.0
2025-04-08 04:00:00,245.0,250.44,217.8,221.86,171596800.0
2025-04-09 04:00:00,224.69,274.69,223.88,272.2,219433173.0
2025-04-10 04:00:00,260.0,262.49,239.33,252.4,181717404.0
2025-04-11 04:00:00,251.84,257.74,241.3629,252.31,128628085.0
2025-04-14 04:00:00,258.36,261.8,245.93,252.35,100096704.0
2025-04-15 04:00:00,249.91,258.75,247.54,254.11,79498817.0
2025-04-16 04:00:00,247.61,251.97,233.89,241.55,112376237.0
2025-04-17 04:00:00,243.47,244.34,237.6833,241.37,82408675.0
2025-04-21 04:00:00,230.26,232.21,222.79,227.5,97768007.0
2025-04-22 04:00:00,230.96,242.79,229.8501,237.97,120830527.0
2025-04-23 04:00:00,254.86,259.4499,244.43,250.74,150161878.0
2025-04-24 04:00:00,250.5,259.54,249.2,259.51,94413005.0
2025-04-25 04:00:00,261.69,286.85,259.63,284.95,167521263.0
2025-04-28 04:00:00,288.98,294.86,272.42,285.88,151703351.0
2025-04-29 04:00:00,285.5,293.32,279.4695,292.03,108906553.0
2025-04-30 04:00:00,279.9,284.45,270.78,282.16,128895557.0
2025-05-01 04:00:00,280.01,290.8688,279.81,280.52,99658974.0
2025-05-02 04:00:00,284.9,294.78,279.81,287.21,114045083.0
2025-05-05 04:00:00,284.57,284.849,274.4,280.26,94618882.0
2025-05-06 04:00:00,273.105,277.73,271.35,275.35,76715792.0
2025-05-07 04:00:00,276.88,277.92,271.0,276.22,71882408.0
2025-05-08 04:00:00,279.63,289.8,279.41,284.82,97539448.0
2025-05-09 04:00:00,290.21,307.04,290.0,298.26,132387835.0
2025-05-12 04:00:00,321.99,322.21,311.5,318.38,112826661.0
2025-05-13 04:00:00,320.0,337.5894,316.8,334.07,136992574.0
2025-05-14 04:00:00,342.5,350.0,337.0,347.68,136997264.0
2025-05-15 04:00:00,340.34,346.1393,334.7153,342.82,97882596.0
2025-05-16 04:00:00,346.24,351.62,342.33,349.98,95895665.0
2025-05-19 04:00:00,336.3,343.0,333.37,342.09,88869853.0
2025-05-20 04:00:00,347.87,354.9899,341.63,343.82,131715548.0
2025-05-21 04:00:00,344.43,347.35,332.2,334.62,102354844.0
2025-05-22 04:00:00,331.9,347.27,331.39,341.04,97113416.0
2025-05-23 04:00:00,337.92,343.18,333.21,339.34,84654818.0
2025-05-27 04:00:00,347.35,363.79,347.32,362.89,120146414.0
2025-05-28 04:00:00,364.84,365.0,355.91,356.9,91404309.0
2025-05-29 04:00:00,365.29,367.71,356.0,358.43,88545666.0
2025-05-30 04:00:00,355.52,363.68,345.29,346.46,123474938.0
2025-06-02 04:00:00,343.5,348.02,333.33,342.69,81873829.0
2025-06-03 04:00:00,346.595,355.4,343.04,344.27,99324544.0
2025-06-04 04:00:00,345.095,345.6,327.3308,332.05,98912075.0
2025-06-05 04:00:00,322.49,324.5499,273.21,284.7,292818655.0
2025-06-06 04:00:00,298.83,305.5,291.14,295.14,164747685.0
2025-06-09 04:00:00,285.955,309.83,281.85,308.58,140908876.0
2025-06-10 04:00:00,314.94,327.83,310.667,326.09,151256520.0
2025-06-11 04:00:00,334.395,335.5,322.5,326.43,122611360.0
2025-06-12 04:00:00,323.075,332.56,316.86,319.11,105127536.0
2025-06-13 04:00:00,313.97,332.99,313.3,325.31,128964279.0
2025-06-16 04:00:00,331.29,332.05,326.41,329.13,83925858.0
2025-06-17 04:00:00,326.09,327.26,314.74,316.35,88282669.0
2025-06-18 04:00:00,317.31,329.32,315.45,322.05,95137686.0
2025-06-20 04:00:00,327.95,332.36,317.78,322.16,108688008.0
2025-06-23 04:00:00,327.54,357.54,327.48,348.68,190716815.0
2025-06-24 04:00:00,356.17,356.26,340.44,340.47,114736245.0
2025-06-25 04:00:00,342.7,343.0,320.4,327.55,119845050.0
2025-06-26 04:00:00,324.61,331.05,323.61,325.78,80440907.0
2025-06-27 04:00:00,324.51,329.3393,317.495,323.63,89067049.0
2025-06-30 04:00:00,319.9,325.5799,316.6,317.66,76695081.0
2025-07-01 04:00:00,298.46,305.89,293.21,300.71,145085665.0
2025-07-02 04:00:00,312.63,316.832,303.82,315.65,119483730.0
2025-07-03 04:00:00,317.99,318.45,312.76,315.35,58041519.0
2025-07-07 04:00:00,291.37,296.15,288.7701,293.94,131177949.0
2025-07-08 04:00:00,297.0,304.0499,294.35,297.81,103246742.0
2025-07-09 04:00:00,297.55,300.15,293.55,295.88,75586771.0
2025-07-10 04:00:00,300.05,310.48,300.0,309.87,104365271.0
2025-07-11 04:00:00,307.89,314.09,305.65,313.51,79236442.0
2025-07-14 04:00:00,317.73,322.5986,312.67,316.9,78043430.0
2025-07-15 04:00:00,319.675,321.2,310.5,310.78,77556346.0
2025-07-16 04:00:00,312.8,323.5,312.62,321.67,97284786.0
2025-07-17 04:00:00,323.15,324.34,317.0601,319.41,73922870.0
2025-07-18 04:00:00,321.66,330.9,321.42,329.65,94254993.0
2025-07-21 04:00:00,334.4,338.0,326.88,328.49,75768797.0
2025-07-22 04:00:00,329.74,335.4098,321.55,332.11,77370371.0
2025-07-23 04:00:00,330.9,336.2,328.67,332.56,92553756.0
2025-07-24 04:00:00,310.0,310.15,300.41,305.3,156966023.0
2025-07-25 04:00:00,308.74,323.63,308.01,316.06,148227027.0
2025-07-28 04:00:00,318.45,330.49,315.69,325.59,112673755.0
2025-07-29 04:00:00,325.55,326.25,318.25,321.2,87358861.0
2025-07-30 04:00:00,322.18,324.4499,311.6164,319.04,83931942.0
2025-07-31 04:00:00,319.605,321.37,306.1,308.27,85270919.0
2025-08-01 04:00:00,306.205,309.31,297.82,302.63,89121446.0
2025-08-04 04:00:00,309.08,312.1186,303.0001,309.26,78683905.0
2025-08-05 04:00:00,308.95,312.4499,305.5,308.72,57961278.0
2025-08-06 04:00:00,307.89,320.47,306.9345,319.91,78523579.0
2025-08-07 04:00:00,319.79,322.4,316.16,322.27,66658672.0
2025-08-08 04:00:00,321.43,335.15,320.98,329.65,91200319.0
2025-08-11 04:00:00,335.0,346.64,334.15,339.03,105320174.0
2025-08-12 04:00:00,345.0,345.26,332.94,340.84,80690111.0
2025-08-13 04:00:00,341.5,348.98,338.2,339.38,67838892.0
2025-08-14 04:00:00,335.76,340.4699,330.4,335.58,75000662.0
2025-08-15 04:00:00,337.655,339.3,327.02,330.56,74319792.0
2025-08-18 04:00:00,329.62,336.27,329.59,335.16,56956552.0
2025-08-19 04:00:00,335.79,340.55,327.85,329.31,75956002.0
2025-08-20 04:00:00,329.22,331.37,314.6,323.9,77481768.0
2025-08-21 04:00:00,322.08,324.9,318.68,320.11,55744445.0
2025-08-22 04:00:00,321.66,340.25,319.69,340.01,94016347.0
2025-08-25 04:00:00,338.9,349.53,335.03,346.6,86670037.0
2025-08-26 04:00:00,344.93,351.9,343.72,351.67,76651550.0
2025-08-27 04:00:00,351.94,355.39,349.156,349.6,65519012.0
2025-08-28 04:00:00,350.91,353.55,340.26,345.98,67903224.0
2025-08-29 04:00:00,347.23,348.7499,331.7,333.87,81145660.0
2025-09-02 04:00:00,328.23,333.33,325.6,329.36,58391952.0
2025-09-03 04:00:00,335.2,343.33,328.51,334.09,88733288.0
2025-09-04 04:00:00,336.15,338.89,331.48,338.53,60711033.0
2025-09-05 04:00:00,348.0,355.87,344.6801,350.84,108989785.0
2025-09-08 04:00:00,354.64,358.44,344.84,346.4,75208290.0
2025-09-09 04:00:00,348.44,350.77,343.82,346.97,53815991.0
2025-09-10 04:00:00,350.55,356.33,346.07,347.79,72121679.0
2025-09-11 04:00:00,350.17,368.99,347.6,368.81,103756010.0
2025-09-12 04:00:00,370.94,396.6899,370.24,395.94,168156391.0
2025-09-15 04:00:00,423.13,425.7,402.43,410.04,163823667.0
2025-09-16 04:00:00,414.495,423.25,411.43,421.62,104285721.0
2025-09-17 04:00:00,415.75,428.312095,409.67,425.86,106133532.0
2025-09-18 04:00:00,428.865,432.2199,416.56,416.85,90454509.0
2025-09-19 04:00:00,421.82,429.47,421.72,426.07,93131034.0
2025-09-22 04:00:00,431.11,444.98,429.13,434.21,97108777.0
2025-09-23 04:00:00,439.88,440.97,423.72,425.85,83422691.0
2025-09-24 04:00:00,429.83,444.21,429.0301,442.79,93133570.0
2025-09-25 04:00:00,435.24,435.35,419.08,423.39,96746426.0
2025-09-26 04:00:00,428.3,440.47,421.02,440.4,101628160.0
2025-09-29 04:00:00,444.35,450.98,439.5,443.21,79491510.0
2025-09-30 04:00:00,441.52,445.0,433.12,444.72,74357960.0
2025-10-01 04:00:00,443.8,462.29,440.75,459.46,98122285.0
2025-10-02 04:00:00,470.54,470.75,435.57,436.0,137008950.0
2025-10-03 04:00:00,443.285,446.77,416.575,429.83,133188180.0
2025-10-06 04:00:00,440.75,453.55,436.69,453.25,85324878.0
2025-10-07 04:00:00,447.82,452.68,432.4501,433.09,102296082.0
2025-10-08 04:00:00,437.57,441.33,425.23,438.69,71192128.0
2025-10-09 04:00:00,431.81,436.35,426.18,435.54,69339928.0
2025-10-10 04:00:00,436.54,443.13,411.45,413.49,112107870.0
2025-10-13 04:00:00,423.53,436.89,419.7,435.9,79552785.0
2025-10-14 04:00:00,426.79,434.2,417.86,429.24,72669438.0
2025-10-15 04:00:00,434.9,440.51,426.3301,435.15,71558185.0
2025-10-16 04:00:00,434.73,439.35,421.3101,428.75,77189889.0
2025-10-17 04:00:00,425.5,441.4558,423.6,439.31,89331578.0
2025-10-20 04:00:00,443.865,449.8,440.61,447.43,63650560.0
2025-10-21 04:00:00,445.755,449.3,442.05,442.6,54412169.0
2025-10-22 04:00:00,443.45,445.539,429.0,438.97,84023458.0
2025-10-23 04:00:00,420.0,449.3999,413.9,448.98,126709833.0
2025-10-24 04:00:00,446.83,451.68,430.17,433.72,94726935.0
2025-10-27 04:00:00,439.98,460.16,438.69,452.42,105866837.0
2025-10-28 04:00:00,454.775,467.0,451.6,460.55,80185462.0
2025-10-29 04:00:00,462.5,465.7,452.65,461.51,67983469.0
2025-10-30 04:00:00,451.05,455.0607,439.61,440.1,72447738.0
2025-10-31 04:00:00,446.75,458.0,443.6855,456.56,83135787.0
2025-11-03 05:00:00,455.99,474.07,453.8,468.37,84594908.0
2025-11-04 05:00:00,454.46,460.22,443.6,444.26,87756250.0
2025-11-05 05:00:00,452.05,466.3299,440.71,462.07,85572786.0
2025-11-06 05:00:00,461.96,467.45,435.09,445.91,109622394.0
2025-11-07 05:00:00,437.92,439.36,421.88,429.52,103471158.0
2025-11-10 05:00:00,439.6,449.6715,433.36,445.23,76515407.0
2025-11-11 05:00:00,439.4,442.49,432.36,439.62,60497235.0
2025-11-12 05:00:00,442.15,442.329,426.56,430.6,58513097.0
2025-11-13 05:00:00,423.13,424.5,396.34,401.99,118946354.0
2025-11-14 05:00:00,386.3,412.19,382.78,404.35,105506137.0
2025-11-17 05:00:00,398.74,423.96,398.74,408.92,102177569.0
2025-11-18 05:00:00,405.38,408.9,393.71,401.25,80665237.0
2025-11-19 05:00:00,406.18,411.78,398.5,403.99,72023545.0
2025-11-20 05:00:00,414.63,428.94,394.74,395.23,113497855.0
2025-11-21 05:00:00,402.32,402.8,383.76,391.09,100395076.0
2025-11-24 05:00:00,402.17,421.72,401.09,417.78,96704962.0
2025-11-25 05:00:00,414.42,420.48,405.95,419.4,71820316.0
2025-11-26 05:00:00,423.95,426.94,416.89,426.58,63368718.0
2025-11-28 05:00:00,426.59,432.93,426.2,430.17,36190538.0
2025-12-01 05:00:00,425.32,433.6599,425.29,430.14,57381856.0
2025-12-02 05:00:00,430.81,436.8,422.12,429.24,69193316.0
2025-12-03 05:00:00,432.1,447.92,431.11,446.74,87300360.0
2025-12-04 05:00:00,449.94,454.63,445.39,454.53,71850843.0
2025-12-05 05:00:00,453.03,458.87,451.66,455.0,56406760.0
2025-12-08 05:00:00,447.445,449.7463,435.25,439.58,69085419.0
2025-12-09 05:00:00,437.54,452.39,435.7,445.17,62315078.0
2025-12-10 05:00:00,446.065,456.88,443.61,451.45,63211734.0
2025-12-11 05:00:00,448.945,449.2699,440.33,446.89,55902013.0
2025-12-12 05:00:00,448.09,463.01,441.67,458.96,95532780.0
2025-12-15 05:00:00,469.44,481.7694,467.66,475.31,114300148.0
2025-12-16 05:00:00,472.21,491.5,465.83,489.88,107509423.0
2025-12-17 05:00:00,488.22,495.2799,466.2,467.26,106297016.0
2025-12-18 05:00:00,478.16,490.86,473.12,483.37,95039715.0
2025-12-19 05:00:00,488.12,490.49,474.72,481.2,103146024.0
2025-12-22 05:00:00,489.88,498.83,485.33,488.73,86915082.0
2025-12-23 05:00:00,489.395,491.97,482.84,485.56,58223133.0
2025-12-24 05:00:00,488.48,490.9,476.8,485.4,41285071.0
2025-12-26 05:00:00,485.23,489.09,473.82,475.19,58775326.0
2025-12-29 05:00:00,469.0,469.4,459.0,459.64,66217821.0
2025-12-30 05:00:00,461.09,463.12,453.83,454.43,59173387.0
2025-12-31 05:00:00,456.1,456.55,449.3,449.72,49072714.0
2026-01-02 05:00:00,457.8,458.34,435.3,438.07,85351571.0
2026-01-05 05:00:00,447.99,457.5499,444.57,451.67,67803839.0
2026-01-06 05:00:00,446.38,448.25,428.78,432.96,88672541.0
2026-01-07 05:00:00,435.9,438.37,431.29,431.41,59674010.0
2026-01-08 05:00:00,427.89,436.89,424.365,435.8,56886003.0
2026-01-09 05:00:00,435.945,449.05,430.39,445.01,65690572.0
2026-01-12 05:00:00,441.225,454.3,438.0,448.96,61496150.0
2026-01-13 05:00:00,450.2,451.81,443.95,447.2,53427497.0
2026-01-14 05:00:00,442.81,443.91,434.22,439.2,57104944.0
2026-01-15 05:00:00,441.125,445.36,437.65,438.57,49331069.0
2026-01-16 05:00:00,439.5,447.25,435.2601,437.5,60041258.0
2026-01-20 05:00:00,429.36,430.725,417.44,419.25,62816042.0
2026-01-21 05:00:00,421.66,438.2,419.6201,431.44,68124684.0
2026-01-22 05:00:00,435.16,449.5,432.6293,449.36,71544676.0
2026-01-23 05:00:00,447.425,452.43,444.04,449.06,56771668.0
2026-01-26 05:00:00,445.0,445.04,434.28,435.2,49696737.0
2026-01-27 05:00:00,437.41,437.52,430.69,430.9,37732219.0
2026-01-28 05:00:00,431.91,438.26,431.2,434.02,18665272.0
